handle,public_url,title,city_guess,quote_post_count,buy_sell_pair_count,parseability_score,likely_individual_shop,has_phone,has_address,has_map_link,has_shop_name,commentary_heavy,status,discovery_queries,last_seen_text_sample
sarafialaddin,https://t.me/s/sarafialaddin,صرافى علاءالدین Sarafi Aladdin,unknown,13,6,99,False,False,False,False,True,False,ok,site:t.me/s صرافی تهران,"مشتریان گرامی صرافی علاءالدین: 💵 خرید (انتقال به ایران): 118,000 (برای مبالغ بالای 10 هزار دلار) 💵 خرید (انتقال به ایران): 116,000 (برای مبالغ بیشتر از 3 هزار دلار) 💵 خرید (انتقال به ایران): 112,000 (برای مبالغ کمتر از 3 هزار دلار) 💵 فروش (انتقال به استرالیا):"
coinofsalari,https://t.me/s/coinofsalari,سکه صراف ميرسالاری,unknown,6,6,91,False,False,False,False,False,False,ok,previous_candidate_rescore|previous_scored_rescore|source_registry_rescore,"نرخ انواع سکه تاریخ: ۱۴۰۵/۰۳/۱۷ زمان: ۱۱:۰۲ ✨ تمام سکه امامی (EMA) ◽️ خرید: 181,000,000 ◽️ فروش: 183,000,000 ◽️ تغییر: 1,000,000 ✨ تمام بهار آزادی (TMA) ◽️ خرید: 176,000,000 ◽️ فروش: 178,000,000 ◽️ تغییر: 1,000,000 ✨ نیم بهار آزادی (NIM) ◽️ خرید: 92,000,000 ◽️"
dhsusdt,https://t.me/s/dhsusdt,DHs usdt,unknown,6,6,86,False,False,False,False,False,False,ok,channel_survey_rescore|previous_candidate_rescore|previous_scored_rescore|source_registry_rescore,دلار ۴۹.۴۰۰ 🔴 تتر فروش ۴۹.۵۰۰ تتر خرید ۴۹.۱۰۰ 🔴 درهم فروش ۱۳.۷۰۰ درهم خرید ۱۳.۶۰۰ 🔴
economicprivategroup,https://t.me/s/economicprivategroup,گروه اختصاصي اكونوميك,unknown,18,0,65,False,False,False,False,False,False,ok,previous_candidate_rescore|previous_scored_rescore|source_registry_rescore,"🔴 سبزه 🇮🇷 فردایی ⏳ 24,990 فروش @EconomicPrivateGroup"
hemopay,https://t.me/s/hemopay,hemopay تتر,unknown,17,0,65,False,False,False,False,False,False,ok,previous_candidate_rescore|previous_scored_rescore|source_registry_rescore,"💵 قیمت تتر: 54200 تومان ⏰ تاریخ: 1402/10/29 23:30 📊 روند: کاهشی 🔼 بالاترین قیمت: 54331 تومان 🔽 کمترین قیمت: 53663 تومان 💶 دلار سبزه فردایی: 53,78 تومان"
ireuropecom,https://t.me/s/ireuropecom,صرافی ایران اروپا | IRX,unknown,20,0,65,False,False,False,False,True,False,ok,previous_candidate_rescore|previous_scored_rescore|source_registry_rescore,"🗓 نرخ حواله ارزی ۵ خرداد ۱۴۰۵ (بازار آزاد) 🇺🇸 حواله دلار آمریکا = (173,400) تومان 🇪🇺 حواله یورو = (201,750) تومان 🇨🇦 حواله دلار کانادا = (125,600) تومان 🇬🇧 حواله پوند = (233,600) تومان 🇦🇺 حواله دلار استرالیا = (124,150) تومان 🇦🇪 حواله درهم = (47,600) تومان 🇨🇳 "
niknooran,https://t.me/s/niknooran,صنایع روشنایی نیک نوران,unknown,14,0,65,False,True,False,False,False,False,ok,previous_candidate_rescore|previous_scored_rescore|source_registry_rescore,زنبق کریستالی مدل NIKZ09 #قطعات_کریستالی 65000-200000تومان موجود کسب اطلاعات بیشتر فروشگاه نیک نوران لاله زار 33116403
prices_list,https://t.me/s/prices_list,لیست قیمت ها,unknown,20,0,65,False,True,False,False,False,False,ok,previous_candidate_rescore|previous_scored_rescore|source_registry_rescore,"نرخ فروش ارز، سکه و طلا در بازار -- تغییر نسبت به دیروز - درصد 💵 دلار: 28,300 تومان بدون تغییر ➖ 💶 یورو: 32,845 تومان 30 🔻 %0.09- 💷 پوند: 38,055 تومان 5 🔼 ‏ 🇨🇦 دلار کانادا: 22,225 تومان 10 🔼 %0.05+ ‏ 🇦🇺 دلار استرالیا: 20,385 تومان 30 🔼 %0.15+ ‌‏ 🇨🇳 یوان چین: 4"
qemat_abshoda,https://t.me/s/qemat_abshoda,""" قیمت لحظه ای ابشده """,unknown,19,0,65,False,False,False,False,False,False,ok,channel_survey_rescore|previous_candidate_rescore|previous_scored_rescore|source_registry_rescore,"💰 #آبشده_نقدی 74,750,000 فروش ♦️ ✨ #طلا_گرمی 17,256,504"
selidol,https://t.me/s/selidol,نرخ دلار سلیمانیه,unknown,11,0,65,False,False,False,False,False,False,ok,channel_survey_rescore|previous_candidate_rescore|previous_scored_rescore|source_registry_rescore,"فردايى ▫️ 186,000 فروش 🔴"
softsazir,https://t.me/s/softsazir,سافت ساز,Dubai,20,0,65,False,False,False,False,False,False,ok,previous_candidate_rescore|previous_scored_rescore,🔥 دانلود پروژه Meta Foam برای آنریل انجین ✍️ این پروژه یک سیستم پیشرفته برای رندرینگ واقع‌گرایانه کف و حباب در موتور بازی‌سازی آنریل انجین است ، این سیستم که بر پایه بلوپرینت طراحی شده است، به شما اجازه می‌دهد تا اکتورهای کف را به صورت تعاملی و با استفاده از ا
talaclinic1,https://t.me/s/talaclinic1,تابان گوهر | قیمت طلا ، قیمت سکه,Tehran,10,0,65,False,False,True,False,False,False,ok,previous_candidate_rescore|previous_scored_rescore|source_registry_rescore,🔷 اونس با خوش‌بینی به توافق در انتظار تصمیم بانک‌های مرکزی نشست 🔹 طلا در پایان هفته، همزمان با افزایش امیدها به توافق میان ایران و آمریکا، شاهد رشد محدود قیمت‌ها بود؛ با این حال، نگرانی از تداوم سیاست‌های انقباضی بانک‌های مرکزی و احتمال تثبیت یا حتی افزایش نرخ
talar_arzi,https://t.me/s/talar_arzi,🔴 تابلو تالار معاملات ارزی 🔵,unknown,13,0,65,False,True,True,False,False,False,ok,previous_candidate_rescore|previous_scored_rescore|source_registry_rescore,فروش 10 هزارتا، دلار آبی، فردایی، سبزه میدان، 27200 [لئون] کد: 01000000428
tetherroom,https://t.me/s/tetherroom,قیمت خرید تتر | تتر روم,unknown,20,0,65,False,False,False,False,False,False,ok,previous_candidate_rescore|previous_scored_rescore|source_registry_rescore,"💵 قیمت تتر: 168550 تومان ⏰ تاریخ: 1405/3/24 06:30 📊 روند: افزایشی 🔼 بالاترین قیمت: 168550 تومان 🔽 کمترین قیمت: 167857 تومان 💶 دلار سبزه فردایی: 170,000 تومان تتر روم - لحظه‌ای،سریع،دقیق 🆔 t.me/TetherRoom"
zarscan,https://t.me/s/zarscan,زر اسکن | قیمت لحظه ای طلا و دلار,unknown,20,0,65,False,False,False,False,False,False,ok,channel_survey_rescore|previous_candidate_rescore|previous_scored_rescore|source_registry_rescore,"طلای ۱۸: ۱۷,۱۴۰,۰۰۰ تومان طلای ۱۸ (غیر رسمی): ۱۷,۳۴۷,۵۵۴ تومان طلای ۱۸ (بر اساس انس): ۱۷,۴۲۲,۳۳۲ تومان سکه امامی: ۱۷۳,۰۱۰,۰۰۰ تومان سکه بهار آزادی: ۱۶۸,۹۸۵,۰۰۰ تومان نیم سکه: ۸۹,۷۰۰,۰۰۰ تومان ربع سکه: ۴۹,۵۶۰,۰۰۰ تومان دلار بازار آزاد: ۱۷۱,۲۱۵ تومان انس طلا: ۴۲"
sabzehjust4u,https://t.me/s/sabzehjust4u,SABZEH JUST4U,Tehran,15,0,64,False,False,False,False,False,False,ok,previous_candidate_rescore|previous_scored_rescore|source_registry_rescore,💫 دلار تهران فردایی 💥 281900 💥 معامله شد ✅ @Sabzehjust4u @Justrahabot
denar_online,https://t.me/s/denar_online,ارز ساحلی بوکان,unknown,14,0,63,False,False,False,False,False,False,ok,channel_survey_rescore|previous_candidate_rescore|previous_scored_rescore|source_registry_rescore,ترامپ ترجیح من این است که جزیره خارک را تصرف کنیم. مطمئن نیستم که آمریکا تمایل لازم برای این کار را داشته باشد.
karajemrouz,https://t.me/s/karajemrouz,کرج امروز,Karaj,8,0,63,False,False,True,False,False,False,ok,previous_candidate_rescore|previous_scored_rescore|source_registry_rescore,• عقد قرارداد رسمی مهاجم کنیایی با استقلال: به گزارش پایگاه خبری www.mashreghnews.ir باشگاه استقلال تهران رسماً از پیوستن یک مهاجم کنیایی به ترکیب خود خبر داد. ‏ @karajemrouz 🔹 🔹
samexchange,https://t.me/s/samexchange,Sam Exchange صرافی‌سام,unknown,5,0,57,False,False,False,False,True,False,ok,site:t.me/s صرافی|site:t.me/s صرافی فردوسی,https://www.instagram.com/reel/DVS0AvbjkPS/?igsh=MXB5M2g4dzM2OW9yeA==
dollar_sulaymaniyah,https://t.me/s/dollar_sulaymaniyah,قیمت لحظه ای دلار سلیمانیه,Mashhad,5,0,47,False,False,False,False,False,False,ok,channel_survey_rescore|previous_candidate_rescore|previous_scored_rescore|source_registry_rescore,"سلێمانی چوار شەمە 💰 172,500 خــرید 🔵"
thepersianfund,https://t.me/s/thepersianfund,The Persian Fund,unknown,5,0,46,False,False,False,False,True,False,ok,previous_candidate_rescore|previous_scored_rescore|source_registry_rescore,به درخواست شما عزیزان تخفیف ویژه ای به مناسبت هالووین 2025 برای شما در نظر گرفتیم. تمامی پرداخت های ریالی از طریق صرافی تترگرام با دلار 95،000 تومانی محاسبه میشود. شما میتوانید برای خرید اول از کد تخفیف First استفاده کنید و 10% تخفیف دریافت کنید. اگر قبلا چالش
iranxt_official,https://t.me/s/iranxt_official,ایران ایکس تی | IRANXT.NET,unknown,3,0,35,False,False,False,False,True,False,ok,site:t.me/s صرافی ایران,"⚪️ به کانال رسمی نمایندگی XT.com در ایران خوش آمدید! ما در ""ایران ایکس تی"" به عنوان نماینده رسمی صرافی بین‌المللی XT، در کنار شما هستیم تا تجربه‌ای امن و حرفه‌ای از دنیای معاملات ارزهای دیجیتال داشته باشید. 🔵 خدمات ما: ✅ ثبت‌نام و احراز هویت در صرافی XT ✅ آموز"
vaniagroup,https://t.me/s/vaniagroup,⚜مجموعه اتاقهای معاملاتی طلا،سکه،دلار، وانیا⚜,Tehran,2,0,31,False,False,False,False,False,False,ok,channel_survey_rescore|previous_scored_rescore|source_registry_rescore,https://t.me/DOLARTALAA
tradewith_x_crypto,https://t.me/s/tradewith_x_crypto,Trade with X,unknown,2,0,30,False,False,False,False,False,True,ok,channel_survey_rescore|previous_scored_rescore,SIGNAL ALERT 🚨 COIN = 1000PEPE/USDT DIRECTION = LONG ENTRY = 0.03585 TAKE PROFIT = 0.00415 STOPLOSS = 0.0032
bazari_dolaraka,https://t.me/s/bazari_dolaraka,بازاڕی دۆلارەكە,unknown,1,0,25,False,True,False,False,False,False,ok,channel_survey_rescore|previous_scored_rescore|source_registry_rescore,"$100=154,800"
dollar_sabzetehran,https://t.me/s/dollar_sabzetehran,دلار سبزه تهران,Tehran,1,0,21,False,True,True,False,False,False,ok,site:t.me/s صرافی سبزه میدان,Channel created
amirtsarfatiofficial,https://t.me/s/amirtsarfatiofficial,Amir Tsarfati,unknown,0,0,20,False,False,True,False,False,False,ok,sarafi telegram,"I'm balling my eyes out. President Trump "" I want to live to make this country great. That's why I want to live"" Nobody will ever be like Trump America is so blessed 🙏 WATCH, LISTEN AND SHARE Barron Trump Barron Trump"
beholdisraelchannel,https://t.me/s/beholdisraelchannel,Amir Tsarfati,Tehran,0,0,20,False,False,True,False,False,False,ok,sarafi telegram,President Trump told New York Post that the long-awaited agreement to begin nuclear negotiations with Tehran is “pretty much all wrapped up.”
dolareseleimani,https://t.me/s/dolareseleimani,نرخ لحظه ای دلار سلیمانیه,Tehran,0,0,20,False,False,True,False,False,False,ok,channel_survey_rescore|previous_scored_rescore|source_registry_rescore,مامانم فیک ترین خبر ممکن تو ایتا رو باور میکنه ولی حرف منو نه 🙂 😂 🆔 @dolareseleimani
eslahatnews,https://t.me/s/eslahatnews,اصلاحات نیوز - رسانه,Tehran,0,0,20,False,False,True,False,False,False,ok,site:t.me/s صرافی سبزه میدان,📢 عارف: بخشنامه‌های ستاد تشییع رهبر شهید در حکم مصوبات دولت است 🗣️ معاون اول رئیس‌جمهوری و رئیس ستاد تشییع رهبر شهید: ◀️ تمامی بخشنامه‌ها و ابلاغیه‌های ستاد باید در حکم بخشنامه‌های دولت تلقی و به‌صورت کامل اجرا شوند. ◀️ همه دستگاه‌های اجرایی در سراسر کشور با ت
nerkhyabkhorasanmarket,https://t.me/s/nerkhyabkhorasanmarket,نرخ یاب خراسان مارکت,unknown,0,0,20,False,False,False,False,False,False,ok,channel_survey_rescore|previous_scored_rescore|source_registry_rescore,هرات تومان چک 💎 0.51 خرید 0.52 فروش
nrxidolar,https://t.me/s/nrxidolar,💰نرخی دولار nrxi dolar💰,unknown,0,0,20,False,False,False,False,False,False,ok,channel_survey_rescore|previous_scored_rescore|source_registry_rescore,"بۆڕسەی هەولێر 154,950"
suitsvff,https://t.me/s/suitsvff,BOSS PRONO 🇨🇮🇨🇲,unknown,0,0,20,False,False,True,False,False,False,ok,previous_scored_rescore|source_registry_rescore,"💎 𝐌𝐀 𝐂𝐎𝐍𝐅𝐈𝐀𝐍𝐂𝐄 𝐏𝐔𝐁𝐋𝐈𝐂 *MELBET* 🏅 🟡 𝐜𝐨𝐝𝐞 𝐌𝐄𝐋𝐁𝐄𝐓 👉🏼 *GY56Q*! …*sécurisez vos Gains avec votre compte authentique créé avec le code promo 55WT* , avant de taper sur les coupons , et à nous la vie qu’on mérite 🌍 🤝 🟡 - 𝐈𝐧𝐬𝐜𝐫!𝐬 𝐭𝐨𝐢 𝐦𝐞𝐥𝐛𝐞𝐭 𝐢𝐜𝐢 : 👉🏼 * https://refpa366"
sulasokcam,https://t.me/s/sulasokcam,Sulasok.cam Channel,unknown,0,0,20,False,False,False,False,False,False,ok,channel_survey_rescore|previous_scored_rescore,Ang Pakay ni Bobot Ay Bumuo ng Pamilya Kasama si Charlotte https://sulasok.cam/watch/ang-pakay-ni-bobot-ay-bumuo-ng-pamilya-kasama-si-charlotte/
trade98_iq,https://t.me/s/trade98_iq,Gold matrix,unknown,0,0,20,False,False,False,False,False,False,ok,channel_survey_rescore|previous_scored_rescore,خلال ساعتين كسرنا السوگ
tsepress,https://t.me/s/tsepress,اخبار بورس | Tse Press,Tehran,0,0,20,False,True,True,False,False,False,ok,channel_survey_rescore|previous_scored_rescore,🍆 پتروشیمی #شیراز ، 43 درصد مثبت مچ و تایید شد! @TsePress
sarafisanieh,https://t.me/s/sarafisanieh,Sarafi Sanieh صرافی ثانیه,unknown,0,0,19,False,False,False,False,True,False,ok,site:t.me صرافی,@SarafiSanieh کانال تلگرام @Sarafi_Sanieh تماس مستقیم 📍 180 Merrylands Rd Merrylands NSW
sarrafifsi,https://t.me/s/sarrafifsi,البروس,unknown,0,0,19,False,False,False,False,True,True,ok,site:t.me/s صرافی فردوسی,Hold: Model and Heiken Ashi do not agree on the trend.
sarafi,https://t.me/s/sarafi,Sarafi® | ارز دیجیتال,BandarAbbas,0,0,18,False,False,False,False,True,False,ok,sarafi telegram,کانال ۲۴ اسرائیل: شروع شد 💥 @sarafi
tradgroup,https://t.me/s/tradgroup,اخبار و تحلیل بازار ارز ،سکه ،طلا و‌بورس,unknown,0,0,18,False,False,False,False,False,False,ok,channel_survey_rescore|previous_scored_rescore,وضعیت انس در تایم هفتگی اگر پایان هفته بالای ۲۳۵۰ برگرده شانس ادامه حرکت در کانال بالاتر هست اما درصورت تثبیت زیر ۲۳۵۰ شانس برگشت به کانال بلند مدتی بالا خواهد رفت
souqeldahb24,https://t.me/s/souqeldahb24,قناه سوق الدهب SOUQ ELDAHB,unknown,0,0,17,False,True,False,False,False,False,ok,channel_survey_rescore|previous_scored_rescore,الشاشة العالمية بالاونصة : 4220.299805 سعر الجرام عيار ٢١ : 6230 6280 للتواصل 00971505541834 لتحميل تطبيق سوق الدهب لمعرفه باقى العيارات لحظه بلحظه يمكن الضغط على زر التحميل من الاسفل للاندرويد او الايفون
zoomnewskrd,https://t.me/s/zoomnewskrd,zoomnews,unknown,0,0,15,False,False,False,False,False,False,ok,channel_survey_rescore|previous_scored_rescore,دیمەنێک چاو تێر نابێت لە جوانییەکەى ئەمە تاڤگەی بێنی بێستان لە نزیک سۆران.. ببینە چەند جوانە
kanoonsarafan,https://t.me/s/kanoonsarafan,کانال رسمی جامعه صرافان,Dubai,0,0,11,False,True,True,False,False,False,ok,site:t.me/s صرافی ایران|site:t.me/s صرافی تهران|site:t.me/s نرخ دلار صرافی تهران,شهادت مظلومانه تعدادی از هموطنان عزیزمان را در حادثه تروریستی زائران شهدای کرمان تسلیت عرض می نماییم
shuger5,https://t.me/s/shuger5,ሹገር ማሚ እና ሹገር ዳዲ🤑,unknown,0,0,11,False,True,False,False,False,False,ok,channel_survey_rescore|previous_scored_rescore,📞 +251984065889
sadafhotel16,https://t.me/s/sadafhotel16,Sadaf International Hotel,Qom,0,0,10,False,True,True,False,False,False,ok,channel_survey_rescore|previous_scored_rescore,⸻ 📌 هتل بین‌المللی صدف تجربه‌ای بی‌نظیر از آرامش، شکوه و میزبانی حرفه‌ای ✨ خدمات ویژه هتل صدف: • اتاق‌های لوکس، مجهز و مطابق با استانداردهای بین‌المللی • رستورانت با منوی متنوع و کیفیتی استثنایی • سالن‌های مدرن برای کنفرانس‌ها، همایش‌ها و جلسات رسمی • اینترنت 
sarafijavadi,https://t.me/s/sarafijavadi,NeoEx,unknown,0,0,8,False,False,False,False,True,False,ok,site:t.me/s صرافی,Channel created
shafilm,https://t.me/s/shafilm,Shafilm,unknown,0,0,6,False,True,True,False,False,False,ok,channel_survey_rescore|previous_scored_rescore,هەموو ئەڵقەکانی بەیەکجار بەردەستە 🔥 هەندێک جار خۆشەویستیی یەکەم، دەبێتە ئەو چارەنووسەی کە بۆ هەتاهەتایە لەگەڵتدا دەمێنێتەوە!! ⏳ ❤️ لە سەردەمێکدا کە هیچ دڵێک لە گۆڕانکارییەکانی کات پارێزراو نییە، دوو هاوڕێی دێرین بەدوای وەڵامی پرسیارێکی گەورەدا دەگەڕێن. کەوایە،
netmoneyexchange,https://t.me/s/netmoneyexchange,Net Exchange|صرافی نت,unknown,0,0,5,False,True,False,False,True,False,ok,site:t.me صرافی|site:t.me/s صرافی,به دلیل نوسان نرخ ارز جهت اطلاع از آخرین نرخ لطفا تماس تلفنی برقرار بفرمایید ☎️ 514-917-9988 ☎️ 514-871-1119
tehransim,https://t.me/s/tehransim,سیم کارت تهران سیم,Tehran,0,0,5,False,True,False,False,False,False,ok,site:t.me/s صرافی تهران,http://www.tehransim.com
toofanharirod_ads,https://t.me/s/toofanharirod_ads,تبلیغات مجموعه طوفان🔖,unknown,0,0,4,False,False,True,False,False,False,ok,channel_survey_rescore|previous_scored_rescore,Channel created
sabzeh49,https://t.me/s/sabzeh49,سبزه میدان,unknown,0,0,3,False,False,True,False,False,False,ok,site:t.me/s صرافی سبزه میدان,Channel created
sexsudanie,https://t.me/s/sexsudanie,نيك سوداني🔥🔞🔞,unknown,0,0,2,False,False,False,False,False,False,ok,channel_survey_rescore|previous_scored_rescore,Channel created
somalinud,https://t.me/s/somalinud,SOMALI NUDE 🔞❓,unknown,0,0,2,False,False,False,False,False,False,ok,channel_survey_rescore|previous_scored_rescore,Channel created
soomaaliqarxis,https://t.me/s/soomaaliqarxis,QOLKA QARXISKA,unknown,0,0,2,False,False,False,False,False,False,ok,channel_survey_rescore|previous_scored_rescore,Channel created
qolkawasmadasomali,https://t.me/s/qolkawasmadasomali,Somali Wasmo,unknown,0,0,1,False,False,False,False,False,False,ok,channel_survey_rescore|previous_scored_rescore,Channel created
somaliqarxis252,https://t.me/s/somaliqarxis252,Qarxis,unknown,0,0,1,False,False,False,False,False,False,ok,channel_survey_rescore|previous_scored_rescore,Channel created
taknrx,https://t.me/s/taknrx,Taknrx,unknown,0,0,1,False,False,False,False,False,False,ok,channel_survey_rescore|previous_scored_rescore,`
toofanharir0d,https://t.me/s/toofanharir0d,طوفان هریرود,unknown,0,0,1,False,False,False,False,False,False,ok,channel_survey_rescore|previous_scored_rescore,Channel created
wasmo_soomaaliyaa,https://t.me/s/wasmo_soomaaliyaa,Wasmo Somali,unknown,0,0,1,False,False,False,False,False,False,ok,channel_survey_rescore|previous_scored_rescore,Channel created
arianex,https://t.me/s/arianex,Arian Exchange صرافى آرين,unknown,0,0,0,False,False,False,False,True,False,ok,site:t.me/s صرافی ایران,
centralbankof_iran,https://t.me/s/centralbankof_iran,صرافی ملی ایران,unknown,0,0,0,False,False,False,False,True,False,ok,site:t.me/s صرافی ایران|site:t.me/s صرافی تهران,
coinexofficialpersian,https://t.me/s/coinexofficialpersian,CoinEx Official Persian,unknown,0,0,0,False,False,False,False,False,False,ok,site:t.me صرافی,
pinayrecordsunzip,https://t.me/s/pinayrecordsunzip,Telegram: Contact @pinayrecordsunzip,unknown,0,0,0,False,False,False,False,False,False,ok,channel_survey_rescore,
profstefanhockertz,https://t.me/s/profstefanhockertz,Prof.Dr.Stefan Hockertz Original,unknown,0,0,0,False,False,False,False,False,False,ok,channel_survey_rescore,
pusdt12,https://t.me/s/pusdt12,Pedram,unknown,0,0,0,False,False,False,False,False,False,ok,channel_survey_rescore|previous_scored_rescore,
qarxis9,https://t.me/s/qarxis9,Raaxo,unknown,0,0,0,False,False,False,False,False,False,ok,channel_survey_rescore|previous_scored_rescore,
rapsanet,https://t.me/s/rapsanet,Rapsanet TV,unknown,0,0,0,False,False,False,False,False,False,ok,channel_survey_rescore|previous_scored_rescore,
revalhub,https://t.me/s/revalhub,Telegram: Contact @revalhub,unknown,0,0,0,False,False,False,False,False,False,ok,channel_survey_rescore|previous_scored_rescore,
rtnews,https://t.me/s/rtnews,Telegram: Contact @rtnews,unknown,0,0,0,False,False,False,False,False,False,ok,channel_survey_rescore|previous_scored_rescore,
sa_j1984,https://t.me/s/sa_j1984,Dr.,unknown,0,0,0,False,False,False,False,False,False,ok,channel_survey_rescore|previous_scored_rescore,
sab6975,https://t.me/s/sab6975,Telegram: Contact @sab6975,unknown,0,0,0,False,False,False,False,False,False,ok,channel_survey_rescore|previous_scored_rescore,
sadaf16,https://t.me/s/sadaf16,Sadaf International Hotel Admin,unknown,0,0,0,False,False,False,False,False,False,ok,channel_survey_rescore|previous_scored_rescore,
sadafhotel,https://t.me/s/sadafhotel,Telegram: Contact @sadafhotel,unknown,0,0,0,False,False,False,False,False,False,ok,channel_survey_rescore|previous_scored_rescore,
saderat_iraq,https://t.me/s/saderat_iraq,صادرات عراق,unknown,0,0,0,False,False,False,False,False,False,ok,channel_survey_rescore|previous_scored_rescore,
saf8980,https://t.me/s/saf8980,Haji,unknown,0,0,0,False,False,False,False,False,False,ok,channel_survey_rescore|previous_scored_rescore,
sarafha_admin,https://t.me/s/sarafha_admin,Sarafha,unknown,0,0,0,False,False,False,False,False,False,ok,channel_survey_rescore|previous_scored_rescore,
sarafi_app,https://t.me/s/sarafi_app,Sarafi app,unknown,0,0,0,False,False,False,False,True,False,ok,sarafi telegram,
sarafibahmanica,https://t.me/s/sarafibahmanica,صرافی بهمنی کانادا,unknown,0,0,0,False,False,False,False,True,False,ok,site:t.me صرافی,
sarai_shahzada_rate,https://t.me/s/sarai_shahzada_rate,🇦🇫 گروپ نرخیاب سرای شهزاده کابل افغانستان 🇦🇫,unknown,0,0,0,False,False,False,False,False,False,ok,channel_survey_rescore|previous_scored_rescore,
sepehrmedia_ads,https://t.me/s/sepehrmedia_ads,تبلیغات سپهر,unknown,0,0,0,False,False,False,False,False,False,ok,channel_survey_rescore|previous_scored_rescore,
smarttrader_gold,https://t.me/s/smarttrader_gold,SMART TRADER_GOLD,unknown,0,0,0,False,False,False,False,False,False,ok,channel_survey_rescore|previous_scored_rescore,
smarttrader_support2,https://t.me/s/smarttrader_support2,Smart Trader Support2 🛠,unknown,0,0,0,False,False,False,False,False,False,ok,channel_survey_rescore|previous_scored_rescore,
sohi_rsd,https://t.me/s/sohi_rsd,Sohi,unknown,0,0,0,False,False,False,False,False,False,ok,channel_survey_rescore|previous_scored_rescore,
sohrab_ros,https://t.me/s/sohrab_ros,Telegram: Contact @sohrab_ros,unknown,0,0,0,False,False,False,False,False,False,ok,channel_survey_rescore|previous_scored_rescore,
sohrab_tehrani,https://t.me/s/sohrab_tehrani,💠Sohrab Tehrani▪️,Tehran,0,0,0,False,False,False,False,False,False,ok,channel_survey_rescore|previous_scored_rescore,
squirtgifs,https://t.me/s/squirtgifs,SquirtGIFs,unknown,0,0,0,False,False,False,False,False,False,ok,channel_survey_rescore|previous_scored_rescore,
starlink_destek1,https://t.me/s/starlink_destek1,star vp,unknown,0,0,0,False,False,False,False,False,False,ok,channel_survey_rescore|previous_scored_rescore,
starlink_destek2,https://t.me/s/starlink_destek2,Telegram: Contact @starlink_destek2,unknown,0,0,0,False,False,False,False,False,False,ok,channel_survey_rescore|previous_scored_rescore,
sulaymaniya_bot,https://t.me/s/sulaymaniya_bot,Vip سلێمانی,unknown,0,0,0,False,False,False,False,False,False,ok,channel_survey_rescore|previous_scored_rescore,
sum_admine,https://t.me/s/sum_admine,Administer of Channels,unknown,0,0,0,False,False,False,False,False,False,ok,channel_survey_rescore|previous_scored_rescore,
tahlildollartala,https://t.me/s/tahlildollartala,یاهو یا من لاهو الاهو,unknown,0,0,0,False,False,False,False,False,False,ok,channel_survey_rescore|previous_scored_rescore,
teachingenglish25,https://t.me/s/teachingenglish25,Telegram: Contact @teachingenglish25,unknown,0,0,0,False,False,False,False,False,False,ok,channel_survey_rescore|previous_scored_rescore,
tradewithxcrypto,https://t.me/s/tradewithxcrypto,Mr. X,unknown,0,0,0,False,False,False,False,False,False,ok,channel_survey_rescore|previous_scored_rescore,
tsepressadmin,https://t.me/s/tsepressadmin,,unknown,0,0,0,False,False,False,False,False,False,error:timeout,channel_survey_rescore|previous_scored_rescore,
ud_uf,https://t.me/s/ud_uf,Telegram: Contact @ud_uf,unknown,0,0,0,False,False,False,False,False,False,ok,site:t.me/s صرافی سبزه میدان,
v2ray_almasbot,https://t.me/s/v2ray_almasbot,ربات | 𝗩𝟮𝗿𝗮𝘆 𝘃𝗽𝗻,unknown,0,0,0,False,False,False,False,False,False,ok,channel_survey_rescore|previous_scored_rescore,
vpn_meliiii,https://t.me/s/vpn_meliiii,Armin /بیومو بخون,unknown,0,0,0,False,False,False,False,False,False,ok,channel_survey_rescore|previous_scored_rescore,
xmalay69,https://t.me/s/xmalay69,XMALAY,unknown,0,0,0,False,False,False,False,False,False,ok,channel_survey_rescore|previous_scored_rescore,
zaban_kourdi,https://t.me/s/zaban_kourdi,Telegram: Contact @zaban_kourdi,unknown,0,0,0,False,False,False,False,False,False,ok,channel_survey_rescore|previous_scored_rescore,
zarbanexchadmin,https://t.me/s/zarbanexchadmin,Zarban corp,unknown,0,0,0,False,False,False,False,False,False,ok,channel_survey_rescore|previous_scored_rescore,
zoomnews,https://t.me/s/zoomnews,Telegram: Contact @zoomnews,unknown,0,0,0,False,False,False,False,False,False,ok,channel_survey_rescore|previous_scored_rescore,
