handle_or_url,title,platform,country_guess,city_guess,source_type,locality_hints,quote_message_count,usable_record_count,buy_sell_pair_count,median_parseability_score,latest_timestamp,status,top_sample,discovery_origins
bonbast_tehran_harat,قیمت لحظه ای دلار تهران مشهد هرات استانبول سلیمانیه,telegram,Iraq,unknown,regional_market_channel,Herat|Istanbul|Sulaymaniyah|Tehran,20,80,0,73.0,2026-10-07T13:50:05+00:00,ok,"15-07-1405 16:00:40 دلار آمريکا 🇺🇸 : 263,400 دلار مشهد 🇺🇸 🕌 : 262,700 دلار هرات فردایی ⏳ 🇺🇸 🇦🇫 : 261,300 دلار استانبول 🇺🇸 🇹🇷 : 266,000 دلار سلیمانیه فردایی 🇺🇸 🇹🇯 : 265,500 ➕ 🔺 (500) @Bonbast_Tehran_Harat",previous_candidate_registry|source_registry
doolarharat,نرخ لحظه ای دلار هرات,telegram,Afghanistan,unknown,regional_market_channel,Herat,20,40,0,71.0,2026-10-07T13:49:07+00:00,ok,"دلار فردایی تهران ⏳ 264,058 فروش 🔴 ⏱️ به‌روزرسانی: 16:34:06 📅 تاریخ: چهارشنبه 15 مهر 1405 💎 دلار هرات",previous_candidate_registry|source_registry
bazar360,Bazar360.com نرخ ارز,telegram,unknown,unknown,unknown,,20,20,20,72.0,2026-10-07T13:29:28+00:00,ok,"‏ آخرین نرخ فروش ارز و طلا در بازار تهران Bazar360.com - 1405/7/11 @ 08:29 نسخه جدید بازار360 در Arz360.com / Bazar360.com در دسترس شماست! منتظر نظرات شما هستیم! نرخ تقریبی فروش ارز در بازار آزاد 🇺🇸 دلار آمریکا: 258,465 - 263,900 ⬆ [چارت 📈 ...",previous_candidate_registry|source_registry
arzdolar,کانال ارز دلار | ARZDOLAR,telegram,Iran,Tehran,regional_market_channel,Tehran,20,20,0,70.0,2026-10-07T13:06:17+00:00,ok,"🔔 #دلار تهران = 263,000 #تتر (تومان) = 260,987",previous_candidate_registry|source_registry
dolareseleimani,نرخ لحظه ای دلار سلیمانیه,telegram,Iraq,Tehran,regional_market_channel,Sulaymaniyah|Tehran,20,20,0,65.0,2026-10-07T13:49:09+00:00,ok,"دلار فردایی تهران ⏳ 263,767 خــرید 🔵 ⏱️ به‌روزرسانی: 16:34:14 📅 تاریخ: چهارشنبه 15 مهر 1405 💎 دلار سلیمانی",existing_registry|previous_candidate_registry|source_registry
dolarsaghez,دلار سقز,telegram,Iran,Tehran,exchange_shop,Tehran,20,20,12,63.0,2026-09-28T10:56:06+00:00,ok,"1404/11/29 ➖ ➖ ➖ ➖ ➖ ➖ دلار سقز نقدی 159,800 🔴 فروش دلار سقز نقدی 159,300 🔵 خرید ➖ ➖ ➖ ➖ ➖ ➖ ➖ دینار عراق 🇮🇶 103.5 🔴 فروش دینار عراق 🇮🇶 102.5 🔵 خرید @dolarsaghez",existing_registry|previous_candidate_registry|source_registry
arzmash,ارزماش ـ‌ کانال لحظه ای قیمت ارز و طلا⏰,telegram,unknown,unknown,unknown,,20,20,0,56.0,2026-02-10T11:31:01+00:00,ok,💰 نرخ‌های روز بازار ارز و طلا 💰 🇺🇸 دلار آمریکا: 161400 تومان 🇪🇺 یورو: 190830 تومان 🇨🇦 دلار کانادا: 118160 تومان 🇬🇧 پوند انگلیس: 219530 تومان 🇦🇪 درهم امارات: 44370 تومان 🇨🇳 یوآن چین: 23260 تومان 🇹🇷 لیر ترکیه: 3700 تومان 💎 نرخ سکه و طلا 💎 💰 س...,previous_candidate_registry|source_registry
dollarlahzei1,قیمت لحظه ای دلار خودرو💲,telegram,unknown,unknown,unknown,,20,20,0,31.0,2026-05-27T12:42:07+00:00,ok,"دلار فردایی تهران ⏳ 172,000 خــرید 🔵",previous_candidate_registry|source_registry
aksoygold,صرافی عابدی,telegram,unknown,unknown,unknown,,19,19,0,85,2026-10-07T13:45:28+00:00,ok,‏نرخ ارز - صرافی عابدی ‏2026/10/07 12:15 (ساعت استانبول) ‏ 🇺🇸 دلار آمریکا: 263٬160 تومان ‏ 🇪🇺 یورو: 295٬890 تومان ‏ 🇹🇷 لیر ترکیه: 5٬360 تومان ‏ 🇦🇪 درهم امارات: 72٬021 تومان ‏ 💵 تتر: 262٬800 تومان ‏ 🇨🇳 یوان چین: روی خط ‏تایم‌لاین نرخ ارز www...,previous_candidate_registry|source_registry
sarafha_com,کانال قیمت لحظه ای ارز و طلا,telegram,UK,London,aggregator,London,20,19,0,76,2026-10-07T13:40:15+00:00,ok,"🔸 دلار آمریکا : 269,200 🔸 دلار کانادا : 189,290 🔸 یورو : 303,020 🔸 پوند انگلیس : 357,330 🔸 درهم امارات : 74,030 🔸 یوآن چین : 40,150 🔸 لیر ترکیه : 5,470 🔸 سکه امامی : 273,500,000 🔸 نیم سکه : 144,000,000 🔸 ربع سکه : 79,000,000 🔸 گرم طلای 18 :...",existing_registry|previous_candidate_registry|quote_sample_hint|source_registry
berlin_pay,برلین پِی,telegram,Germany,Germany,exchange_shop,Berlin|Germany,19,19,0,57,2026-10-07T10:04:11+00:00,ok,خرید یورو نقدی برلین €* 250000 برلین 253000 بالای هزار 254000 بالای 5هزار خرید یورو واریزبانکی* 257000 بالای هزار 258000 بالای 5هزار https://chat.whatsapp.com/L204hi6hEZe3W9I2UUJiLd,manual_germany_seed|previous_candidate_registry|source_registry
dollar_tehran3bze,قیمت لحظه‌ای دلار تهران,telegram,Iran,unknown,exchange_shop,Tehran,19,19,0,49,2026-10-07T13:23:38+00:00,ok,"دلار فردایی تهران ⏳ 264,000 خــرید 🔵",previous_candidate_registry|source_registry
dollarferdowsi,نرخ لحظه ای دلار | میدان فردوسی تهران,telegram,Iran,Tehran,exchange_shop,Tehran,19,19,0,49,2026-10-07T13:23:44+00:00,ok,"دلار فردایی تهران ⏳ 264,000 خــرید 🔵",previous_candidate_registry|source_registry
dolarrates,قیمت دلار امروز,telegram,Iran,Tehran,unknown,Tehran,18,18,0,77.0,2026-10-07T13:35:54+00:00,ok,"╔════ 📊 تابلوی بازار ════╗ 📅 1405/07/15 ⏰ 12:01 💸 ارزها: 🇪🇺 یورو: 300,100 ▼ 💲 تتر: 264,805 تومان ▼ 🇬🇧 پوند: 354,750 ▼ 🇦🇪 درهم: 72,900 ▼ 🇹🇷 لیر ترکیه: 5,445 ▼ 🇨🇦 دلار کانادا: 188,300 ▼ 🇷🇺 روبل: 3,135 ▼ 🇦🇫 افغانی: 4,185 ▼ 🇴🇲 ریال عمان: 696,50...",previous_candidate_registry|source_registry
do_l4,قیمت‌‌‌لحظه‌ای دلار طلا خودرو و سکه,telegram,Iran,Tehran,regional_market_channel,Tehran,18,18,1,76.0,2026-10-07T13:42:53+00:00,ok,"💸 دلار فردایی تهران 💵 269,‌‌‌‌500 خـرید 💸 💸 دلار فردایی تهران 💵 269,550 فروش 💵 💸 دلار فردایی تهران 💵 269,500 معامله ✅",previous_candidate_registry|source_registry
sarafha_rate,قیمت لحظه ای دلار,telegram,UK,London,aggregator,London,18,18,0,72.0,2026-10-07T13:30:21+00:00,ok,"🔴 دلار آمریکا : 269,000 🔴 دلار کانادا : 189,150 🔴 تتر : 268,300 🔴 یورو : 302,800 🔴 درهم امارات : 74,000 🔴 یوآن چین : 40,120 🔴 لیر ترکیه : 5,470 🟢 سکه امامی : 273,500,000 🟢 نیم سکه : 144,000,000 ⚪️ ربع سکه : 79,000,000 🟢 گرم طلای 18 : 26,688...",existing_registry|previous_candidate_registry|quote_sample_hint|source_registry
navasanchannel,نوسان - اعلان لحظه ای نرخ ارز و سکه,telegram,UK,London,regional_market_channel,London,20,17,14,88,2026-10-07T13:55:38+00:00,ok,"💵 دلار آمریکا فروش 🔴 : 263,800 تومان 💵 دلار آمریکا خرید 🔵 : 263,400 تومان 💶 یورو فروش : 296,270 تومان دلار کانادا فروش 🇨🇦 : 189,470 تومان درهم امارات 🇦🇪 : 72,430 تومان سکه امامی ✴️ : 268,500,000 تومان سکه بهار آزادی ✴️ : 258,000,000 تومان ن...",previous_candidate_registry|quote_sample_hint|source_registry
hmtransfer,تبادل ارز اروپا,telegram,Germany,Germany,settlement_channel,Germany,20,15,15,83,2026-10-07T13:50:03+00:00,ok,"🔄 حواله 1059 بابت #فروش_یورو 🗣 فروشنده : محمد مظفری 💚 💚 💚 💚 💚 💶 مبلغ: 200 یورو 💰 نرخ پیشنهادی: 297,000 تومان 💳 نوع حواله: حواله بانکی حساب شخص از آلمان ✍️ توضیحات: واریز آنی ب حساب شخص در آلمان پیشنهادهای ارسال شده: ❌ 283,000 تومان در 15 مه...",manual_germany_seed|previous_candidate_registry|source_registry
avatodaydollar,Avatoday Dollar exchange آواتودی دلار,telegram,unknown,unknown,regional_market_channel,,16,15,0,45,2026-08-25T18:46:19+00:00,ok,"دلار فردایی تهران ⏳ 174,000 مـعامله شد ✅ 🆔 @avatodaydollar",previous_candidate_registry|source_registry
abanpardakht,AbanPardakht,telegram,unknown,unknown,unknown,,17,14,0,68.0,2026-10-07T13:30:49+00:00,ok,"📊 گزارش لحظه ای بازار ارز(اسکناس): 🇺🇸 USD: 271,470 🔺 دلار آمریکا 🇪🇺 EUR: 302,650 🔺 یورو 🇬🇧 󠁧󠁢󠁥󠁮 GBP: 355,100 🔺 پوند انگلیس 🇨🇦 CAD: 188,640 🔺 دلار کانادا 🇦🇺 AUD: 186,250 🔺 دلار استرالیا 🇨🇭 CHF: 323,700 🔺 فرانک سوئیس 🇹🇷 TRY: 5,470 🔺 لیر ترکیه...",previous_candidate_registry|source_registry
dollariraqi,سعر الدولار في العراق لحظة بلحظة بورصة الكفاح و الحارثية $,telegram,unknown,unknown,unknown,,12,11,11,54,2026-10-07T13:05:18+00:00,ok,🟢 آخر أسعار الدولار في البورصات المحلية 🕰 🔺 🔻 ⚡️ : 🏛️ سموأل 1570.00 | 1570.00 🏛️ كفاح 1569.00 | 1569.50 🏛️ حارثية 1568.50 | 1569.00 🏛️ البصرة 1569.00 | 1569.00 🏛️ أربيل 1570.00 | 1570.50 🏛️ سليمانية 1571.00 | 1571.50 🏛️ دهوك 1570.50 | 1571....,existing_registry|previous_candidate_registry|source_registry
banehdollar,$ بانه دلار $,telegram,Iran,Tehran,regional_market_channel,Tehran,11,10,10,73.0,2026-10-07T09:23:33+00:00,ok,"1405/07/13 ➖ ➖ ➖ ➖ ➖ ➖ دلار بانه نقدی 270,000 🔴 فروش دلار بانه نقدی 269,000 🔵 خرید ➖ ➖ ➖ ➖ ➖ ➖ ➖ دینار عراق 🇮🇶 169 🔴 فروش دینار عراق 🇮🇶 168 🔵 خرید 🆔 @banehdollar",existing_registry|previous_candidate_registry|source_registry
ir_dolar,قیمت لحظه ای دلار,telegram,Iran,Tehran,regional_market_channel,Tehran,11,10,0,71.0,2026-10-07T09:20:59+00:00,ok,"#1405_07_12 ⏱️ 15:12 💵 #دلار تهران_نقدی 🇮🇷 266,500 تا 267,000 دلار 🇺🇸 تهران بین همکاران 267,700 دینار عراق 🇮🇶 167,000 تومان 🅱 بیت‌کوین 86.990.00 💵 📈 💰 قیمت ارز،طلا و خودرو 👇 @ir_dolar @new_onlin",existing_registry|manual_qatar_armenia_seed|previous_candidate_registry|source_registry
new_onlin,قیمت آنلاین ارز،طلا_خودرو,telegram,Iran,Tehran,regional_market_channel,Tehran,11,10,0,71.0,2026-10-07T09:20:59+00:00,ok,"#1405_07_12 ⏱️ 15:12 💵 #دلار تهران_نقدی 🇮🇷 266,500 تا 267,000 دلار 🇺🇸 تهران بین همکاران 267,700 دینار عراق 🇮🇶 167,000 تومان 🅱 بیت‌کوین 86.990.00 💵 📈 💰 قیمت ارز،طلا و خودرو 👇 @ir_dolar @new_onlin",existing_registry|previous_candidate_registry|source_registry
hmbcexchangebureau,London exchange,telegram,UK,unknown,regional_market_channel,London,10,10,5,69.0,2026-10-07T12:58:46+00:00,ok,HMBC London exchange صرافي لندن ارسال پوند به ایران و بالعكس 🔺 خريد از حساب هر پوند 300،000 🔹 فروش واريز به حساب پوند 315،000 🔹 خرید پوند نقدي 295،000 🔺 فروش پوند نقدي 310،000 🎉 کلیه حواله های زیر 500£ شامل 10£ کارمزد میباشد ✅ بهترین و پایی...,previous_candidate_registry|source_registry
elitpersian,🇹🇷ELiT Persian,telegram,unknown,unknown,regional_market_channel,,10,10,3,58.0,2026-08-29T08:15:49+00:00,ok,"📊 تحلیل ویژه بازار دلار هرات مهم‌ترین مقاومت فعلی دلار هرات 178,500 تومان است. تا زمانی که قیمت نتواند از این محدوده عبور کرده و بالای آن تثبیت شود، سناریوی اصلی بازار همچنان اصلاح تا محدوده 174,000 تومان خواهد بود. تنها در صورت شکست قطعی ا...",previous_candidate_registry|source_registry
haratdollar,دلار هرات 🅅🄸🄿,telegram,Afghanistan,unknown,regional_market_channel,Herat,16,10,0,55.0,2026-10-07T13:27:08+00:00,ok,"هرات نــقدی 💵 260,500 فروش 🔴",existing_registry|previous_candidate_registry|source_registry
herat_tomen,هرات تومن دالر,telegram,Afghanistan,unknown,aggregator,Herat,16,10,0,55.0,2026-10-07T13:27:08+00:00,ok,"هرات نــقدی 💵 260,500 فروش 🔴",previous_candidate_registry|source_registry
akhbrdolar1,نرخ اصلی دلار هرات,telegram,Afghanistan,unknown,regional_market_channel,Herat,16,10,0,52.0,2026-10-07T13:27:37+00:00,ok,"هرات نــقدی 💵 260,500 فروش 🔴",previous_candidate_registry|source_registry
moneytransfersarafi,Money Transfer Sarafi مانی حواله صرافي,telegram,UK,London,settlement_channel,London,20,8,8,69.0,2026-10-02T09:03:33+00:00,ok,"22/09/2026 ‌‏ ‎نرخ امروز لندن ✓قیمت خرید پوند, ‎خريد حساب رسمی: 290,000 ‎نقدی/حساب از 5،000: 285,000 ‎ نقدی/حساب از 2،000: 280,000 ‎ نقدی/حساب از 100: 275,000 ✓قیمت فروش پوند; ‎فروش پوند نقدی:300,000 ‎حساب عادی:305,000 ‎ حساب فوری: 310,000 ...",manual_uk_seed|previous_candidate_registry|source_registry
nerkhsarafionline,Nerkh Sarafi Online نرخ صرافي,telegram,UK,London,exchange_shop,London,20,8,8,69.0,2026-10-02T09:03:33+00:00,ok,"22/09/2026 ‌‏ ‎نرخ امروز لندن ✓قیمت خرید پوند, ‎خريد حساب رسمی: 290,000 ‎نقدی/حساب از 5،000: 285,000 ‎ نقدی/حساب از 2،000: 280,000 ‎ نقدی/حساب از 100: 275,000 ✓قیمت فروش پوند; ‎فروش پوند نقدی:300,000 ‎حساب عادی:305,000 ‎ حساب فوری: 310,000 ...",manual_uk_seed|previous_candidate_registry|source_registry
sarafionline7groupuk,Nerkh Sarafi Online 7 Group Uk,telegram,UK,London,exchange_shop,London,14,7,7,78,2026-10-07T08:02:29+00:00,ok,"01/10/2026 ✓ قیمت پوند انگلستان 🇬🇧 ✓ خرید نقدی پوند 305,000 ✓ فروش نقدی پوند 325,000 ✓ واریزی فوری 1 روزه ✓ خرید حسابی پوند 315,000 فروش حساب شخصی 330,000 فروش حساب شرکتی 340,000 ✓ واریزی فوری 1 ساعته و 1روزه ✓ کارمزد کمتر 1,000پوند5 تا 10پ...",existing_registry|manual_uk_seed|previous_candidate_registry|quote_sample_hint|source_registry
arz_tala_online,قیمت ارز، طلا و سکه,telegram,Iran,Tehran,unknown,Tehran,11,7,3,73,2026-10-07T13:45:23+00:00,ok,💲 حواله دلار 177340 تومان @arz_tala_online,previous_candidate_registry|source_registry
nerkh_uk,نرخ ارز Nerkh_Uk,telegram,UK,London,unknown,London,20,7,7,69,2026-10-02T09:03:33+00:00,ok,"24/09/2026 ‌‏ ‎نرخ امروز لندن ✓قیمت خرید پوند, ‎خريد حساب رسمی: 290,000 ‎نقدی/حساب از 5،000: 285,000 ‎ نقدی/حساب از 2،000: 280,000 ‎ نقدی/حساب از 100: 275,000 ✓قیمت فروش پوند; ‎فروش پوند نقدی:300,000 ‎حساب عادی:305,000 ‎ حساب فوری: 310,000 ...",manual_uk_seed|previous_candidate_registry|source_registry
ahanborhanii,🟨⬜ آهن برهانی ⬜🟨,telegram,unknown,Isfahan,unknown,,15,7,0,51,2026-10-07T08:35:04+00:00,ok,"📍 دلار تهران = 266,000 📍 تتر (تومان) = 266,350",previous_candidate_registry|source_registry
zarbanexch,Zarban - زربان: نرخ ارز در تورنتو,telegram,Iran,Tehran,regional_market_channel,Tehran,7,7,0,50,2026-10-01T16:07:05+00:00,ok,"🔸 نرخ دلار کانادا در تورنتو جمعه هجدهم سپتامبر 2026- ساعت 10:55به وقت تورنتو ● دلار کانادا- کارتخوان: اعلام نشده ● دلار کانادا - نقدی: 162,500 ● تبدیل پوند به دلار کانادا: 1.90 ● تبدیل یورو به دلار کانادا: 1.636 🔸 نرخ دلار آمریکا، یورو و در...",existing_registry|previous_candidate_registry|source_registry
gold_mesghal,👎💰 تحلیل تکنیکال آبشده نقدی رسمی و غیررسمی Gold_Mesghal 💰👍,telegram,Iran,Tehran,exchange_shop,Tehran,12,6,4,77.0,2026-10-07T13:22:27+00:00,ok,"نرخ فروش #دلار ، #ارز ، #سکه و #طلا در بازار -- تغییر نسبت به دیروز - درصد 💵 دلار: 255,660 تومان 10 🔻 💶 یورو: 290,280 تومان 470 🔼 %0.16+ 💷 پوند: 339,460 تومان 1420 🔼 %0.42+ ‏ 🇨🇦 دلار کانادا: 180,030 تومان 120 🔻 %0.07- ‏ 🇦🇺 دلار استرالیا: 17...",existing_registry|previous_candidate_registry|source_registry
exchangeratescountries,نرخ ارز ساعتی £ $ €,telegram,UK,London,exchange_shop,London,20,6,6,71.0,2026-10-02T09:03:33+00:00,ok,"23/09/2026 ‌‏ ‎نرخ امروز لندن ✓قیمت خرید پوند, ‎خريد حساب رسمی: 285,000 ‎نقدی/حساب از 5،000: 280,000 ‎ نقدی/حساب از 2،000: 275,000 ‎ نقدی/حساب از 100: 270,000 ✓قیمت فروش پوند; ‎فروش پوند نقدی:295,000 ‎حساب عادی:299,000 ‎ حساب فوری: 305,000 ...",existing_registry|manual_uk_seed|previous_candidate_registry|quote_sample_hint|source_registry
sarafionlineuk,Sarafi Online 7 Seven Uk,telegram,UK,London,exchange_shop,London,10,5,5,86,2026-10-07T09:00:20+00:00,ok,"03/10/2026 ‌‏ ‎نرخ امروز لندن ✓قیمت خرید پوند, ‎خريد حساب رسمی: 320,000 ‎نقدی/حساب از 5،000: 315,000 ‎ نقدی/حساب از 2،000: 310,000 ‎ نقدی/حساب از 100: 305,000 ✓قیمت فروش پوند; ‎فروش پوند نقدی:339,000 ‎حساب عادی:345,000 ‎ حساب فوری: 348,000 ...",existing_registry|manual_uk_seed|previous_candidate_registry|quote_sample_hint|source_registry
koln_euro,کلن یورو,telegram,Germany,Cologne,unknown,Cologne,20,4,2,57.0,2026-09-02T10:05:22+00:00,ok,🔹 #فروش_یورو #دوسلدورف آلمان مقدار: 150 یورو نرخ: 190000 تومان 👤 ارتباط با شخص | توضیحات: 200000,manual_germany_seed|previous_candidate_registry|source_registry
irancurrency,قیمت لحظه ای دلار ، ارز ، سکه و طلا,telegram,unknown,unknown,regional_market_channel,,20,3,3,84,2026-10-07T11:58:31+00:00,ok,"نرخ‌های فروش تکمیلی بازار -- تغییر نسبت به دیروز - درصد ‏ 🇯🇵 ین: 1,710 تومان بدون تغییر ➖ ‏ 🇷🇺 روبل: 3,160 تومان 20 🔻 %0.63- ‏ 🇮🇳 روپیه: 2,800 تومان بدون تغییر ➖ ‏ 🇦🇲 درام: 743.5 تومان 1.5 🔻 %0.2- ‏ 🇰🇼 دینار کویت: 870,150 تومان 1200 🔻 %0.14...",previous_candidate_registry|source_registry
bistifx,صرافی بيستی كانادا,telegram,unknown,unknown,regional_market_channel,,2,2,1,86.0,2026-10-07T13:05:23+00:00,ok,"📡 رادار بازار بررسی وضعیت بازار ایران و جهان قیمت دلار کانادا امروز در بازار تهران، نسبت به دیروز ثابت بوده است. امروز تا کنون 189,200 تومان را حفظ و بدون تغییر مانده است، در شبانه‌روز اخیر، دلار کانادا در سقف 191,100 تومان و کف 188,800 توم...",previous_candidate_registry|source_registry
bahamrocom,سامانه سفر باهمرو,telegram,unknown,unknown,unknown,,18,2,2,63.0,2019-08-26T15:32:14+00:00,ok,"🔵 آفر های ویژه باهمرو برای چهارشنبه 1398/5/9 . 🛑 🛑 🛫 پایین ترین نرخ بلیت هواپیما در کشور! ✈ مشهد به تهران سه شنبه5/22 قیمت 3,684,000 ریال 🔗 خرید آنلاین ✈ تهران به مشهد سه شنبه5/22 قیمت 3,490,700 ریال 🔗 خرید آنلاین ✈ بوشهر به تهران سه شنبه5/...",previous_candidate_registry|source_registry
frankfurt_euro,فرانکفورت یورو,telegram,Germany,Frankfurt,settlement_channel,Frankfurt,20,2,1,60,2026-01-15T15:43:33+00:00,ok,🔹 #فروش_یورو #فرانکفورت آلمان مقدار: 400 یورو نرخ: 110000 تومان 👤 ارتباط با شخص | @Hosseini_SM توضیحات: 165000,manual_germany_seed|previous_candidate_registry|source_registry
hamburg_euro,هامبورگ یورو,telegram,Germany,Hamburg,regional_market_channel,Hamburg,20,2,1,60,2026-08-29T09:58:28+00:00,ok,🔸 #خرید_یورو #هامبورگ آلمان مقدار: 350 یورو نرخ: 190000 تومان 👤 ارتباط با شخص | توضیحات: 210000,manual_germany_seed|previous_candidate_registry|source_registry
as_plus_shopping,دخانیات آس,telegram,unknown,unknown,exchange_shop,,2,2,0,58.0,2026-10-05T08:21:38+00:00,ok,"🔸 دلار آمریکا : 272,000 🔸 دلار کانادا : 190,880 🔸 یورو : 306,250 🔸 پوند انگلیس : 359,330 🔸 درهم امارات : 74,710 🔸 یوآن چین : 40,570 🔸 لیر ترکیه : 5,540 🔸 سکه امامی : 275,500,000 🔸 نیم سکه : 143,000,000 🔸 ربع سکه : 79,000,000 🔸 گرم طلای 18 :...",previous_candidate_registry|source_registry
aghohmpeq1,💱تحلیل آبشده نقدی دلار هرات💱,telegram,Afghanistan,unknown,aggregator,Herat,3,2,0,49.0,2026-02-17T14:25:45+00:00,ok,هدف دلار هرات 162000 هدف بعدی 163000 ✅,previous_candidate_registry|source_registry
eghtesadtejarat,اقتصادتجارت,telegram,unknown,unknown,regional_market_channel,,16,1,1,72,2026-10-05T11:45:06+00:00,ok,"🌐 مظنه بازار 1405/07/13 دوشنبه دلار فروش : 268,500 دلار خرید : 268.100 دلار کانادا : 188,310 یورو : 301,100 پوند انگلیس : 355,310 درهم امارات : 73,090 یوآن چین : 40,000 لیر ترکیه : 5,220 سکه امامی : 272,100,000 سکه قدیمی : 261.000.000 نیم س...",previous_candidate_registry|source_registry
daviditsupportuklondon,DAVID IT SUPPORT UK,telegram,UK,London,exchange_shop,London,14,1,1,71,2026-09-18T08:36:51+00:00,ok,"18/09/2026 ✓ قیمت پوند انگلستان 🇬🇧 ✓ خرید نقدی پوند 285,000 ✓ فروش نقدی پوند 295,000 ✓ واریزی فوری 1 روزه ✓ خرید حسابی پوند 285,000 فروش حساب شخصی 300,000 فروش حساب شرکتی 310,000 ✓ واریزی فوری 1 ساعته و 1روزه ✓ کارمزد کمتر 1,000پوند5 تا 10پ...",existing_registry|previous_candidate_registry|quote_sample_hint|source_registry
exchangebb,Exchangeb.b,telegram,Iran,Tehran,exchange_shop,Tehran,18,1,1,59,2021-08-29T07:04:15+00:00,ok,"‏ ‏ 🗓 تاریخ: 7 شهریور 1400 / ساعت 11:00 ‏ ‏ 🔻 نرخ روز گذشته سنا / اسکناس ‏ ............................................................. ‏ 🇺🇸 (USD) دلار آمریکا فروش : 272,303 ‏ 🇺🇸 (USD) دلار آمریکا خرید : 269,852 ‏ 🇪🇺 (EUR) یورو فروش : 321,...",previous_candidate_registry|source_registry
ashrafikhodro,🔰اخبار بازار خودرو مشهد (اشرفی),telegram,unknown,unknown,regional_market_channel,,1,1,0,39,2026-09-30T09:59:10+00:00,ok,"دلار فردایی تهران ⏳ 256,300 مـعامله شد ✅",previous_candidate_registry|source_registry
acbarjobs1401,کاریابی سایت اکبر Acbar Jobs,telegram,unknown,unknown,exchange_shop,,3,0,0,0.0,,ok,,previous_candidate_registry|source_registry
accountbase,Бесплатные аккаунты steam | Бесплатные аккаунты стим,telegram,unknown,unknown,regional_market_channel,,3,0,0,0.0,,ok,,previous_candidate_registry|source_registry
aerztefueraufklaerungoffiziell,Ärzte für Aufklärung offiziell,telegram,unknown,unknown,regional_market_channel,,4,0,0,0.0,,ok,,previous_candidate_registry|source_registry
afghanistan,AFGHANISTAN,telegram,unknown,unknown,exchange_shop,,1,0,0,0.0,,ok,,previous_candidate_registry|source_registry
aghadolar,اخبار آقای دلار,telegram,unknown,unknown,aggregator,,13,0,0,0.0,,ok,,previous_candidate_registry|source_registry
ahmaditravelagency,شرکت سیاحتی تکت فروشی و صرافی برادران احمدی,telegram,unknown,unknown,exchange_shop,,1,0,0,0.0,,ok,,previous_candidate_registry|source_registry
airdrops_io,AIRDROPS.IO 🚀,telegram,unknown,unknown,exchange_shop,,3,0,0,0.0,,ok,,previous_candidate_registry|source_registry
akbex,صرافي اکبریان,telegram,unknown,unknown,exchange_shop,,3,0,0,0.0,,ok,,previous_candidate_registry|source_registry
albarqexpress,شركة البرق للصرافة والتحويلات المالية,telegram,unknown,unknown,unknown,,3,0,0,0.0,,ok,,previous_candidate_registry|source_registry
almaexchange,حواله یورو | حواله دلار | حواله درهم | حواله لیر| Almaexchange,telegram,Germany,Germany,settlement_channel,Germany,7,0,0,0.0,,ok,,manual_germany_seed|previous_candidate_registry|source_registry
alpha123en,Alpha123 Alerts,telegram,unknown,unknown,exchange_shop,,6,0,0,0.0,,ok,,previous_candidate_registry|source_registry
amd_official_channel,AMD official channel,telegram,Armenia,unknown,exchange_shop,Armenia,2,0,0,0.0,,ok,,previous_candidate_registry|source_registry
ameryex,عامري كاش للحوالات المالية,telegram,unknown,unknown,aggregator,,2,0,0,0.0,,ok,,previous_candidate_registry|source_registry
amirtsarfatiofficial,Amir Tsarfati,telegram,Iran,Tehran,exchange_shop,Tehran,4,0,0,0.0,,ok,,previous_candidate_registry|source_registry
anettgatzka,Gatzka Anett,telegram,unknown,unknown,exchange_shop,,1,0,0,0.0,,ok,,source_registry
ankara_data,مرجع اطلاعات آنکارا (رضوی),telegram,unknown,unknown,aggregator,,3,0,0,0.0,,ok,,previous_candidate_registry|source_registry
ankaracapital,🇹🇷کانال نیازمندیهای آنکارا🇹🇷,telegram,unknown,unknown,exchange_shop,,1,0,0,0.0,,ok,,previous_candidate_registry|source_registry
ankaracity,📡 Chain Voice,telegram,unknown,unknown,exchange_shop,,3,0,0,0.0,,ok,,previous_candidate_registry|source_registry
annajmplus2023,النجم للحوالات المالية,telegram,unknown,unknown,unknown,,4,0,0,0.0,,ok,,previous_candidate_registry|source_registry
apadanaexchangeau,Apadana Exchange,telegram,unknown,unknown,exchange_shop,,8,0,0,0.0,,ok,,previous_candidate_registry|source_registry
apk_inform,APK-Inform,telegram,unknown,unknown,exchange_shop,,2,0,0,0.0,,ok,,previous_candidate_registry|source_registry
apkvision,ApkVision.org - Mod APK Game and App for Android,telegram,unknown,unknown,regional_market_channel,,7,0,0,0.0,,ok,,previous_candidate_registry|source_registry
arasaircargothr,کانال خبری ارس هوا بار- اخبار حمل و ترخیصaras air cargo,telegram,unknown,unknown,exchange_shop,,1,0,0,0.0,,ok,,previous_candidate_registry|source_registry
aria_ex,Aria Exchange,telegram,unknown,unknown,exchange_shop,,20,0,0,0.0,,ok,,previous_candidate_registry|source_registry
arianaexchange,Ariana exchange صرافي آريانا💰,telegram,unknown,unknown,exchange_shop,,11,0,0,0.0,,ok,,previous_candidate_registry|source_registry
arianarates,نرخ لحظه اي آريانا | Daily Rates,telegram,unknown,unknown,unknown,,20,0,0,0.0,,ok,,previous_candidate_registry|source_registry
ariapaymentofficial,صرافی آریا,telegram,unknown,unknown,regional_market_channel,,9,0,0,0.0,,ok,,previous_candidate_registry|source_registry
arjpay,صرافی ارج پی,telegram,unknown,unknown,exchange_shop,,12,0,0,0.0,,ok,,previous_candidate_registry|source_registry
armt_community,Armenian Token Official Community,telegram,Armenia,unknown,regional_market_channel,Armenia,3,0,0,0.0,,ok,,previous_candidate_registry|source_registry
arongroupsbroker,Aron Groups,telegram,unknown,unknown,regional_market_channel,,1,0,0,0.0,,ok,,previous_candidate_registry|source_registry
arya_fx,Arya Forex,telegram,unknown,unknown,unknown,,7,0,0,0.0,,ok,,previous_candidate_registry|source_registry
arzchande,ارز چنده؟ | Bonbast | بن بست,telegram,UK,London,regional_market_channel,London,20,0,0,0.0,,ok,,existing_registry|previous_candidate_registry|quote_sample_hint|source_registry
arzcredit,Arz Credit | ارزکردیت,telegram,unknown,unknown,regional_market_channel,,7,0,0,0.0,,ok,,previous_candidate_registry|source_registry
arzdigital,ArzDigital - ارزدیجیتال,telegram,unknown,unknown,exchange_shop,,3,0,0,0.0,,ok,,previous_candidate_registry|source_registry
arzinator,صرافی ارزیناتور | Arzinator Exchange,telegram,unknown,unknown,exchange_shop,,20,0,0,0.0,,ok,,previous_candidate_registry|source_registry
arzindex,Arzindex | ارزایندکس,telegram,unknown,unknown,unknown,,19,0,0,0.0,,ok,,previous_candidate_registry|source_registry
arzpardaz,قیمت لحظه ای دلار | طلا | سکه | تتر | یورو | بیتکوین | crypto price,telegram,unknown,unknown,regional_market_channel,,20,0,0,0.0,,ok,,previous_candidate_registry|source_registry
arzws,سرویس اعلام قیمت ارز، طلا و کریپتو,telegram,unknown,unknown,unknown,,19,0,0,0.0,,ok,,previous_candidate_registry|source_registry
asreahan_anbar,قیمت میلگرد انبار تبریز | عصرآهن,telegram,unknown,unknown,exchange_shop,,7,0,0,0.0,,ok,,previous_candidate_registry|source_registry
avapress,خبرگزاری صدای افغان (آوا),telegram,unknown,unknown,exchange_shop,,2,0,0,0.0,,ok,,previous_candidate_registry|source_registry
avedoviz,نرخ لحظه ای دلار ( تحویل استانبول),telegram,Turkey,unknown,unknown,Istanbul,11,0,0,0.0,,ok,,previous_candidate_registry|source_registry
azarbaijan_official,کانال سراسری آذربایجان,telegram,unknown,unknown,aggregator,,2,0,0,0.0,,ok,,previous_candidate_registry|source_registry
azinahanz,آذین آهن زرین,telegram,unknown,unknown,regional_market_channel,,2,0,0,0.0,,ok,,previous_candidate_registry|source_registry
azmoonpte,ثبت نام آزمون PTE,telegram,unknown,unknown,regional_market_channel,,2,0,0,0.0,,ok,,previous_candidate_registry|source_registry
baghdad,BAGHDAD,telegram,unknown,unknown,exchange_shop,,1,0,0,0.0,,ok,,previous_candidate_registry|source_registry
bankhome,املاک مهاباد,telegram,unknown,unknown,exchange_shop,,16,0,0,0.0,,ok,,previous_candidate_registry|source_registry
barghme_com,سیم و کابل برق می | BARGHME,telegram,unknown,unknown,regional_market_channel,,6,0,0,0.0,,ok,,previous_candidate_registry|source_registry
bazaarupdate,Bazaar.Update📊,telegram,unknown,unknown,exchange_shop,,2,0,0,0.0,,ok,,source_registry
bazar_bargh,بازاربرق,telegram,unknown,unknown,exchange_shop,,5,0,0,0.0,,ok,,previous_candidate_registry|source_registry
bazar_dollar,بازار دلار,telegram,unknown,unknown,unknown,,9,0,0,0.0,,ok,,previous_candidate_registry|source_registry
bazaredolarakalaslimany,$$بازاری دۆلارەکە لەسلێمانی$$,telegram,unknown,unknown,regional_market_channel,,4,0,0,0.0,,ok,,previous_candidate_registry|source_registry
bazari_dolaraka,بازاڕی دۆلارەكە,telegram,unknown,unknown,exchange_shop,,1,0,0,0.0,,ok,,source_registry
beatads,Битмейкерская ADS,telegram,unknown,unknown,unknown,,3,0,0,0.0,,ok,,previous_candidate_registry|source_registry
beiunsinhamburg,У нас в Гамбурге,telegram,unknown,unknown,exchange_shop,,3,0,0,0.0,,ok,,previous_candidate_registry|source_registry
berlin_khane,برلین خانه,telegram,Germany,unknown,exchange_shop,Berlin,2,0,0,0.0,,ok,,previous_candidate_registry|source_registry
berliner118,نیازمندیها (برلینا هیلفه),telegram,Germany,unknown,exchange_shop,Berlin,1,0,0,0.0,,ok,,previous_candidate_registry|source_registry
bestchange,BestChange — exchanger directory,telegram,unknown,unknown,exchange_shop,,1,0,0,0.0,,ok,,previous_candidate_registry|source_registry
betasahm1,بتا سهم,telegram,Iran,Tehran,exchange_shop,Tehran,1,0,0,0.0,,ok,,existing_registry|previous_candidate_registry|source_registry
betfidomi,کانال رسمی betfido,telegram,unknown,unknown,aggregator,,20,0,0,0.0,,ok,,previous_candidate_registry|source_registry
bidarzpro,Bidarz | بیدارز,telegram,unknown,Qom,exchange_shop,,6,0,0,0.0,,ok,,previous_candidate_registry|source_registry
bigpaysgdailyrates,BigPay SG - Daily Exchange Rates for International Bank Transfer,telegram,unknown,unknown,regional_market_channel,,20,0,0,0.0,,ok,,previous_candidate_registry|source_registry
bit24cash,Bit24 | صرافی ارز دیجیتال بیت۲۴,telegram,unknown,Qom,exchange_shop,,7,0,0,0.0,,ok,,previous_candidate_registry|source_registry
bitcoinchannel,Bitcoin channel,telegram,unknown,unknown,exchange_shop,,3,0,0,0.0,,ok,,previous_candidate_registry|source_registry
blueberrymarketsofficial,Blueberry,telegram,unknown,unknown,regional_market_channel,,5,0,0,0.0,,ok,,previous_candidate_registry|source_registry
bonbast_dollar,نرخ لحظه ای دلار و سکه,telegram,unknown,unknown,unknown,,20,0,0,0.0,,ok,,previous_candidate_registry|source_registry
bonbast_ex,Bonbast.com,telegram,unknown,unknown,regional_market_channel,,20,0,0,0.0,,ok,,previous_candidate_registry|source_registry
bonbast_exchange,نرخ دلار، یورو، پوند | بن بست | Bonbast,telegram,UK,London,regional_market_channel,London,20,0,0,0.0,,ok,,existing_registry|previous_candidate_registry|quote_sample_hint|source_registry
bondsupermart,Bondsupermart,telegram,unknown,unknown,regional_market_channel,,5,0,0,0.0,,ok,,previous_candidate_registry|source_registry
bongahahancom,bongahahan,telegram,unknown,unknown,regional_market_channel,,2,0,0,0.0,,ok,,previous_candidate_registry|source_registry
boonbas,بن بست بانک مرکزی صرافی ارز مجازی دلار تتر بیت کوین سکه حواله یورو خرید فروش طلا مثقال ابشده بازار جهانی بورس فارکس خودرو سهام,telegram,Iran,Tehran,exchange_shop,Tehran,17,0,0,0.0,,ok,,previous_candidate_registry|source_registry
bor30na,Bor30na,telegram,unknown,unknown,regional_market_channel,,5,0,0,0.0,,ok,,previous_candidate_registry|source_registry
borsa,Borsa ve Kripto | Haber • Ekonomi • Finans,telegram,unknown,unknown,unknown,,1,0,0,0.0,,ok,,source_registry
bourse24ir,بورس۲۴ | Bourse24,telegram,unknown,unknown,exchange_shop,,5,0,0,0.0,,ok,,previous_candidate_registry|source_registry
bourseengineering1,مهندسی بورس,telegram,unknown,unknown,aggregator,,1,0,0,0.0,,ok,,previous_candidate_registry|source_registry
bozorgane_tabriz,بزرگان بورس تبریز,telegram,unknown,unknown,aggregator,,1,0,0,0.0,,ok,,source_registry
bridgetsituptruebritain,🇬🇧Bridget@SitUpTrueBritain🇬🇧,telegram,UK,unknown,exchange_shop,UK,4,0,0,0.0,,ok,,previous_candidate_registry|source_registry
bursyab,بورس یاب | Bursyab,telegram,unknown,unknown,exchange_shop,,2,0,0,0.0,,ok,,previous_candidate_registry|source_registry
bushbash_de,Bushbash München Raves,telegram,Germany,unknown,regional_market_channel,Munich,2,0,0,0.0,,ok,,previous_candidate_registry|source_registry
c2mood,C2,telegram,unknown,unknown,unknown,,2,0,0,0.0,,ok,,previous_candidate_registry|source_registry
chaperoyan,چاپ رویان,telegram,unknown,unknown,exchange_shop,,1,0,0,0.0,,ok,,previous_candidate_registry|source_registry
citaimmobilienimmobiliensuche,گروه مشاورین املاک سیتا - فرانکفورت آلمان,telegram,Germany,unknown,regional_market_channel,Frankfurt|Germany,4,0,0,0.0,,ok,,previous_candidate_registry|source_registry
cny_alipay,RMB 🇨🇳 ALIPAY حواله یوآن,telegram,unknown,unknown,regional_market_channel,,6,0,0,0.0,,ok,,previous_candidate_registry|source_registry
coinofsalari,سکه صراف ميرسالاری,telegram,unknown,unknown,regional_market_channel,,8,0,0,0.0,,ok,,previous_candidate_registry|source_registry
dadihonline,شبكة داديه اون لاين للتحويلات المالية,telegram,unknown,unknown,regional_market_channel,,4,0,0,0.0,,ok,,previous_candidate_registry|source_registry
danielexchange,صرافی دانیال لندن - Sarafi Daniel London,telegram,UK,unknown,regional_market_channel,London,8,0,0,0.0,,ok,,previous_candidate_registry|source_registry
darbastan,Darbastan.com,telegram,Iran,Tehran,regional_market_channel,Tehran,1,0,0,0.0,,ok,,existing_registry|previous_candidate_registry|source_registry
deezerarls,Deezer ARLs,telegram,unknown,unknown,unknown,,4,0,0,0.0,,ok,,previous_candidate_registry|source_registry
deltaexchange1,صرافی DELTA (حواله لیر دلار یورو),telegram,unknown,unknown,exchange_shop,,10,0,0,0.0,,ok,,previous_candidate_registry|source_registry
derhamlir,USDT&DHS خونه تتر,telegram,unknown,unknown,exchange_shop,,14,0,0,0.0,,ok,,previous_candidate_registry|source_registry
deutschepedia,🇩🇪 كانال دويچــه پديــــا 🇩🇪,telegram,unknown,unknown,exchange_shop,,5,0,0,0.0,,ok,,previous_candidate_registry|source_registry
dhsusdt,DHs usdt,telegram,unknown,unknown,regional_market_channel,,6,0,0,0.0,,ok,,previous_candidate_registry|source_registry
dinarevaluation,DINAR REVALUATION,telegram,Iran,Tehran,exchange_shop,Tehran,1,0,0,0.0,,ok,,existing_registry|previous_candidate_registry|source_registry
dolarefeham,🔵 خبر دلار فهام 🔴,telegram,Iran,Tehran,exchange_shop,Tehran,20,0,0,0.0,,ok,,existing_registry|previous_candidate_registry|source_registry
dolarjavanrod,دلار جوانرود اورامانات اخبار,telegram,unknown,unknown,aggregator,,11,0,0,0.0,,ok,,previous_candidate_registry|source_registry
dolarmashad,مشهد لحظه,telegram,unknown,unknown,exchange_shop,,9,0,0,0.0,,ok,,previous_candidate_registry|source_registry
dolartalaa,💰قیمت لحظه‌ای آبشده💰مع ف 🔔📅 مظنه,telegram,Iran,Tehran,regional_market_channel,Tehran,10,0,0,0.0,,ok,,existing_registry|previous_candidate_registry|source_registry
dollar_sulaymaniyah,قیمت لحظه ای دلار سلیمانیه,telegram,Iraq,Mashhad,regional_market_channel,Sulaymaniyah,10,0,0,0.0,,ok,,existing_registry|previous_candidate_registry|source_registry
dollarsst,قیمت لحظه ای دلار تهران,telegram,Iran,unknown,regional_market_channel,Tehran,15,0,0,0.0,,ok,,previous_candidate_registry|source_registry
dollarstreamer,قیمت دلار سکه طلا خودرو,telegram,unknown,unknown,regional_market_channel,,20,0,0,0.0,,ok,,previous_candidate_registry|source_registry
donyajewellery,طلا و جواهر دنيا,telegram,unknown,unknown,unknown,,10,0,0,0.0,,ok,,previous_candidate_registry|source_registry
dornareport,Dornareport,telegram,unknown,unknown,unknown,,4,0,0,0.0,,ok,,previous_candidate_registry|source_registry
dovizkurlari,Döviz Kurları,telegram,unknown,unknown,unknown,,20,0,0,0.0,,ok,,previous_candidate_registry|source_registry
dubaidream1,DUBAI DREAM,telegram,UAE,unknown,exchange_shop,Dubai,1,0,0,0.0,,ok,,previous_candidate_registry|source_registry
dubaiheadline,Dubai news,telegram,UAE,unknown,exchange_shop,Dubai,1,0,0,0.0,,ok,,previous_candidate_registry|source_registry
eb_official,European Brotherhood,telegram,unknown,unknown,unknown,,1,0,0,0.0,,ok,,previous_candidate_registry|source_registry
economicprivategroup,گروه اختصاصي اكونوميك,telegram,unknown,unknown,regional_market_channel,,18,0,0,0.0,,ok,,previous_candidate_registry|source_registry
eddiescodes,EddiesCodes - Stake.us 🇺🇸,telegram,unknown,unknown,regional_market_channel,,17,0,0,0.0,,ok,,previous_candidate_registry|source_registry
elahiexchange,صرافی الهی,telegram,unknown,unknown,exchange_shop,,18,0,0,0.0,,ok,,previous_candidate_registry|source_registry
eligashtco,الی گشت,telegram,unknown,unknown,regional_market_channel,,5,0,0,0.0,,ok,,previous_candidate_registry|source_registry
erbilparty,Erbil party,telegram,unknown,unknown,exchange_shop,,1,0,0,0.0,,ok,,previous_candidate_registry|source_registry
esfahan_plast,اصفهان پلاست,telegram,unknown,unknown,regional_market_channel,,1,0,0,0.0,,ok,,previous_candidate_registry|source_registry
esfahanahan_export,Esfahan Ahan_Export,telegram,unknown,unknown,aggregator,,1,0,0,0.0,,ok,,previous_candidate_registry|source_registry
esfehan_dolar,دلار،سکه اصفهان,telegram,unknown,unknown,unknown,,4,0,0,0.0,,ok,,previous_candidate_registry|source_registry
ethio8k,Ethio HD,telegram,unknown,unknown,regional_market_channel,,1,0,0,0.0,,ok,,previous_candidate_registry|source_registry
euro_bazaar,کانال صرافی آلمان,telegram,Germany,Germany,settlement_channel,Germany,5,0,0,0.0,,ok,,manual_germany_seed|previous_candidate_registry|source_registry
eurobazaar,یورو بازار بانکی,telegram,Germany,Germany,settlement_channel,Germany,20,0,0,0.0,,ok,,manual_germany_seed|previous_candidate_registry|source_registry
exchangesegal,Segalexchange صرافی سگال,telegram,unknown,unknown,exchange_shop,,20,0,0,0.0,,ok,,previous_candidate_registry|source_registry
exmo_official,EXMO.com Official,telegram,unknown,unknown,exchange_shop,,5,0,0,0.0,,ok,,previous_candidate_registry|source_registry
expressaustralia,Sarafi Express صرافی اکسپرس استرالیا,telegram,unknown,unknown,exchange_shop,,9,0,0,0.0,,ok,,previous_candidate_registry|source_registry
ezzchand,chande?,telegram,unknown,unknown,regional_market_channel,,20,0,0,0.0,,ok,,previous_candidate_registry|source_registry
fanoodiexchange,صرافی فنودی,telegram,unknown,Mashhad,exchange_shop,,6,0,0,0.0,,ok,,previous_candidate_registry|source_registry
farabishirazchannel,کارگزاری فارابی شیراز,telegram,unknown,unknown,unknown,,3,0,0,0.0,,ok,,previous_candidate_registry|source_registry
farcotrading,FarcoXchange,telegram,unknown,unknown,unknown,,10,0,0,0.0,,ok,,previous_candidate_registry|source_registry
farsi_change,صرافی فارسی چنج,telegram,unknown,unknown,exchange_shop,,20,0,0,0.0,,ok,,previous_candidate_registry|source_registry
farzi_tv_series,FARZI SEASON 1,telegram,unknown,unknown,unknown,,1,0,0,0.0,,ok,,previous_candidate_registry|source_registry
flightaus_ir,IR/Aus Flights,telegram,unknown,unknown,exchange_shop,,2,0,0,0.0,,ok,,previous_candidate_registry|source_registry
fnc_qatar,خبرفوری قطر,telegram,Qatar,unknown,aggregator,Qatar,5,0,0,0.0,,ok,,previous_candidate_registry|source_registry
frankfurt_khane,فرانکفورت خانه,telegram,Germany,Frankfurt,exchange_shop,Frankfurt,1,0,0,0.0,,ok,,manual_germany_seed|previous_candidate_registry|source_registry
frankfurt_online,فرانکفورت آنلاین,telegram,Germany,Frankfurt,exchange_shop,Frankfurt,1,0,0,0.0,,ok,,manual_germany_seed|previous_candidate_registry|source_registry
freesteamaccountshub,St Accounts™,telegram,unknown,unknown,regional_market_channel,,1,0,0,0.0,,ok,,previous_candidate_registry|source_registry
glasgowexchange,صرافی گلاسکو (لندن),telegram,UK,unknown,exchange_shop,London,10,0,0,0.0,,ok,,previous_candidate_registry|source_registry
golden_notess,تحلیل طلایی سیگنال قیمت نرخ ارز دلار سکه طلا ابشده بازار زر سبزه میدان یورو تتر فارکس سبزه میدان پله اهنی هرات تهران صرافی حواله,telegram,Afghanistan,Tehran,exchange_shop,Herat|Tehran,14,0,0,0.0,,ok,,previous_candidate_registry|source_registry
goldenline_exchange,حواله ارزی خط زرین-محسن حیدری,telegram,unknown,unknown,exchange_shop,,5,0,0,0.0,,ok,,previous_candidate_registry|source_registry
gooyamagazine,Gooya Magazine 🇦🇪 مجله گویا,telegram,unknown,unknown,exchange_shop,,1,0,0,0.0,,ok,,previous_candidate_registry|source_registry
groupsarafilondonuk,گروه تجاری مالی لندن London,telegram,UK,London,exchange_shop,London,14,0,0,0.0,,ok,,existing_registry|manual_uk_seed|previous_candidate_registry|quote_sample_hint|source_registry
hamburgfarsi,هامبورگ فارسی,telegram,Germany,unknown,exchange_shop,Hamburg,2,0,0,0.0,,ok,,previous_candidate_registry|source_registry
hamidnabatchianexchange,صرافي تضامني حميدنباتچيان و شركا,telegram,unknown,unknown,exchange_shop,,1,0,0,0.0,,ok,,previous_candidate_registry|source_registry
hamrahapp_application,اولین بانک نیازمندیهای فارسی زبانان,telegram,unknown,unknown,unknown,,5,0,0,0.0,,ok,,previous_candidate_registry|source_registry
hamvatangroup,صرافی هموطن™️,telegram,unknown,unknown,unknown,,5,0,0,0.0,,ok,,previous_candidate_registry|source_registry
hawaladari,حواله پولی حیدریان,telegram,Germany,Germany,settlement_channel,Germany,4,0,0,0.0,,ok,,manual_germany_seed|previous_candidate_registry|source_registry
helfenads,هلفن، نيازمندى هاى آلمان,telegram,Germany,Germany,exchange_shop,Germany,1,0,0,0.0,,ok,,manual_germany_seed|previous_candidate_registry|source_registry
helfenassist,هلفن اسیست,telegram,Germany,Germany,regional_market_channel,Germany,20,0,0,0.0,,ok,,manual_germany_seed|previous_candidate_registry|source_registry
hemopay,hemopay تتر,telegram,unknown,unknown,regional_market_channel,,17,0,0,0.0,,ok,,previous_candidate_registry|source_registry
herat_channel2024,هرات افغانستان,telegram,Afghanistan,unknown,aggregator,Herat,1,0,0,0.0,,ok,,previous_candidate_registry|source_registry
hiemarat,نرخ درهم امارات و طلا دبی، نقره و تتر,telegram,UAE,unknown,exchange_shop,Dubai,16,0,0,0.0,,ok,,previous_candidate_registry|source_registry
iapmairan,IAPMA,telegram,UAE,Dubai,aggregator,Dubai,1,0,0,0.0,,ok,,existing_registry|previous_candidate_registry|source_registry
iranex_cc,صرافی ایرانکس |IRANEX.cc,telegram,unknown,unknown,regional_market_channel,,20,0,0,0.0,,ok,,previous_candidate_registry|source_registry
iranmoneyex,Sarafi Iran,telegram,UAE,Dubai,exchange_shop,Dubai,4,0,0,0.0,,ok,,previous_candidate_registry|source_registry
ircentralbank,صرافی ملی,telegram,unknown,unknown,exchange_shop,,20,0,0,0.0,,ok,,previous_candidate_registry|source_registry
ireuropecom,صرافی ایران اروپا | IRX,telegram,unknown,unknown,regional_market_channel,,20,0,0,0.0,,ok,,previous_candidate_registry|source_registry
irr_board,صرافی ريال,telegram,unknown,unknown,exchange_shop,,10,0,0,0.0,,ok,,previous_candidate_registry|source_registry
munich_euro,مونیخ یورو,telegram,Germany,Munich,settlement_channel,Munich,19,0,0,0.0,,ok,,manual_germany_seed|previous_candidate_registry|source_registry
navadeeghtesadi,نود اقتصادی,telegram,UAE,Dubai,unknown,Dubai,1,0,0,0.0,,ok,,existing_registry|previous_candidate_registry|source_registry
nerkhtetheruk,نرخ ارز دیجیتال تتر لندن,telegram,UK,London,exchange_shop,London,14,0,0,0.0,,ok,,existing_registry|previous_candidate_registry|quote_sample_hint|source_registry
nord_deutschland,کانال nd - شمال آلمان,telegram,Germany,Germany,regional_market_channel,Germany,3,0,0,0.0,,ok,,manual_germany_seed|previous_candidate_registry|source_registry
persianlondonexchange,Persian London Exchange | صرافی پرشین لندن,telegram,UK,London,exchange_shop,London,5,0,0,0.0,,ok,,manual_uk_seed|previous_candidate_registry|source_registry
poundbazar,پوندبازار,telegram,UK,London,exchange_shop,London,20,0,0,0.0,,ok,,manual_uk_seed|previous_candidate_registry|source_registry
poundlandonline,پوند لند آنلاين 1,telegram,UK,London,exchange_shop,London,17,0,0,0.0,,ok,,manual_uk_seed|previous_candidate_registry|source_registry
royal_rate,نرخ ارز بازار CURRENCY RATE,telegram,Qatar,Qatar,exchange_shop,Qatar,12,0,0,0.0,,ok,,manual_qatar_seed|previous_candidate_registry|source_registry
selidol,نرخ دلار سلیمانیه,telegram,Iraq,unknown,regional_market_channel,Sulaymaniyah,6,0,0,0.0,,ok,,existing_registry|previous_candidate_registry|source_registry
tomandollar110,💵نرخ تومان دلار 💵,telegram,unknown,unknown,regional_market_channel,,10,0,0,0.0,,ok,,manual_qatar_armenia_seed|previous_candidate_registry|source_registry
vaniagroup,⚜مجموعه اتاقهای معاملاتی طلا،سکه،دلار، وانیا⚜,telegram,Iran,Tehran,aggregator,Tehran,2,0,0,0.0,,ok,,existing_registry|previous_candidate_registry|source_registry
