handle,title,public_url,source_type,quote_message_count,board_message_count,locality_mentions,localities_detected_count,quote_density_score,median_parseability_score,latest_timestamp,status,top_sample,discovery_origins
aksoygold,صرافی عابدی,https://t.me/s/aksoygold,regional_fx_board,20,20,Dubai|Istanbul|Turkey,3,100,85.0,2026-10-02T20:15:23+00:00,ok,‏نرخ ارز - صرافی عابدی ‏2026/10/02 18:30 (ساعت استانبول) ‏ 🇺🇸 دلار آمریکا: ۲۵۸٬۴۶۵ تومان ‏ 🇪🇺 یورو: ۲۹۲٬۳۵۰ تومان ‏ 🇹🇷 لیر ترکیه: ۵٬۳۳۰ تومان ‏ 🇦🇪 درهم امارات: ۷۱٬۳۰۰ تومان ‏ 💵 تتر: ۲۶۲٬۲۹۸ تومان ‏ 🇨🇳 یوان چین: روی خط ‏تایم‌لاین نرخ ارز www...,previous_candidate_registry|source_registry
arzdolar,کانال ارز دلار | ARZDOLAR,https://t.me/s/arzdolar,regional_market_channel,20,20,Tehran,1,100,66.0,2026-10-02T17:25:16+00:00,ok,"🔔 #دلار تهران = 259,200 #تتر (تومان) = 257,801",previous_candidate_registry|source_registry
arzmash,ارزماش ـ‌ کانال لحظه ای قیمت ارز و طلا⏰,https://t.me/s/arzmash,regional_fx_board,20,20,Dubai|Turkey|UK,3,100,56.0,2026-02-10T11:31:01+00:00,ok,💰 نرخ‌های روز بازار ارز و طلا 💰 🇺🇸 دلار آمریکا: 161400 تومان 🇪🇺 یورو: 190830 تومان 🇨🇦 دلار کانادا: 118160 تومان 🇬🇧 پوند انگلیس: 219530 تومان 🇦🇪 درهم امارات: 44370 تومان 🇨🇳 یوآن چین: 23260 تومان 🇹🇷 لیر ترکیه: 3700 تومان 💎 نرخ سکه و طلا 💎 💰 س...,previous_candidate_registry|source_registry
bazar360,Bazar360.com نرخ ارز,https://t.me/s/bazar360,regional_fx_board,20,20,Dubai|Tehran|Turkey|UK,4,100,72.0,2026-10-02T13:30:00+00:00,ok,"‏ آخرین نرخ فروش ارز و طلا در بازار تهران Bazar360.com - 1405/7/6 @ 08:29 نسخه جدید بازار۳۶۰ در Arz360.com / Bazar360.com در دسترس شماست! منتظر نظرات شما هستیم! نرخ تقریبی فروش ارز در بازار آزاد 🇺🇸 دلار آمریکا: 235,000 - 236,050 ⬆ [چارت 📈 ]...",iran_seed|previous_candidate_registry|source_registry
bonbast_tehran_harat,قیمت لحظه ای دلار تهران مشهد هرات استانبول سلیمانیه,https://t.me/s/bonbast_tehran_harat,regional_fx_board,20,20,Herat|Istanbul|Mashhad|Sulaymaniyah|Tehran,5,100,73.0,2026-10-02T17:38:19+00:00,ok,"١٠-٠٧-١٤٠٥ ٢٠:٢٠:٤٣ دلار آمريکا 🇺🇸 : 263,200 دلار مشهد 🇺🇸 🕌 : 258,500 دلار هرات فردایی ⏳ 🇺🇸 🇦🇫 : 259,300 ➖ 🔻 (200) دلار استانبول 🇺🇸 🇹🇷 : 260,300 دلار سلیمانیه فردایی 🇺🇸 🇹🇯 : 262,000 @Bonbast_Tehran_Harat",previous_candidate_registry|source_registry
dollarlahzei1,قیمت لحظه ای دلار خودرو💲,https://t.me/s/dollarlahzei1,unknown,20,20,Tehran,1,0,51.5,2026-05-27T12:42:07+00:00,ok,"دلار فردایی تهران ⏳ 172,000 خــرید 🔵",iran_seed|previous_candidate_registry|source_registry
dollarstreamer,قیمت دلار سکه طلا خودرو,https://t.me/s/dollarstreamer,regional_market_channel,19,19,Herat,1,100,58,2026-10-02T17:26:05+00:00,ok,"🔴 دلار: 2,591,800 (0.00+) 📈 سقف: 2,592,200 📉 کف: 2,591,800 ↘️ تغییر روزانه: 50 (0%-) ا ➖ ➖ ➖ ➖ ♻️ یورو: 2,923,500 (0.00+) 📈 سقف: 2,926,400 📉 کف: 2,885,300 ↔️ تغییر روزانه: 0 (0%) ا ➖ ➖ ➖ ➖ ♻️ درهم: 708,000 (0.00+) 📈 سقف: 708,070 📉 کف: 697,6...",previous_candidate_registry|source_registry
doolarharat,نرخ لحظه ای دلار هرات,https://t.me/s/doolarharat,unknown,19,19,Herat|Tehran,2,100,65,2026-10-02T17:39:29+00:00,ok,"دلار فردایی تهران ⏳ 262,879 خــرید 🔵 ⏱️ به‌روزرسانی: 20:39:29 📅 تاریخ: جمعه 10 مهر 1405 💎 دلار هرات",previous_candidate_registry|source_registry
exchangeratescountries,نرخ ارز ساعتی £ $ €,https://t.me/s/exchangeratescountries,regional_fx_board,20,19,Armenia|Dubai|Iran|Iraq|London|Qatar|Turkey|UK,8,100,69,2026-10-02T09:03:33+00:00,ok,"20/09/2026 . ‎ ⭕️ گزارش قیمت ارزهای دیجیتال دوشنبه 30 شهریور 1405 ‎ ◽️ بیت کوین : 187,118,323,000 ریال ‎ ◽️ بیت کوین : 81,907.78 تتر ‎ ◽️ اتریوم : 6,092,099,000 ریال ‎ ◽️ اتریوم : 2,666.71 تتر ‎ ◽️ تتر : 2,285,890 ریال ‎ ◽️ تتر : 1 تتر ‎✓ ن...",armenia_seed|iraq_seed|previous_candidate_registry|qatar_seed|source_registry|uk_seed
irancurrency,قیمت لحظه ای دلار ، ارز ، سکه و طلا,https://t.me/s/irancurrency,regional_fx_board,20,19,Iran|Iraq|Qatar,3,100,80,2026-10-02T16:58:39+00:00,ok,"نرخ فروش #دلار ، #ارز ، #سکه و #طلا در بازار -- تغییر نسبت به دیروز - درصد 💵 دلار: 255,500 تومان 690 🔻 %0.27- 💶 یورو: 289,500 🔻 960 🔻 %0.33- 💷 پوند: 338,810 تومان 1110 🔻 %0.33- ‏ 🇨🇦 دلار کانادا: 179,830 تومان 320 🔻 %0.18- ‏ 🇦🇺 دلار استرالیا...",iran_seed|previous_candidate_registry|source_registry
moneytransfersarafi,Money Transfer Sarafi مانی حواله صرافي,https://t.me/s/moneytransfersarafi,regional_fx_board,20,19,Armenia|Dubai|Iran|Iraq|London|Qatar|Turkey|UK,8,100,69,2026-10-02T09:03:33+00:00,ok,"18/09/2026 ‌‏ ‎نرخ امروز لندن ✓قیمت خرید پوند, ‎خريد حساب رسمی: 285,000 ‎نقدی/حساب از ۵،۰۰۰: 280,000 ‎ نقدی/حساب از ۲،۰۰۰: 275,000 ‎ نقدی/حساب از ۱۰۰: 270,000 ✓قیمت فروش پوند; ‎فروش پوند نقدی:295,000 ‎حساب عادی:298,000 ‎ حساب فوری: 305,000 ...",iraq_seed|previous_candidate_registry|source_registry|uk_seed
nerkh_uk,نرخ ارز Nerkh_Uk,https://t.me/s/nerkh_uk,regional_fx_board,20,19,Armenia|Dubai|Iran|Iraq|London|Qatar|Turkey|UK,8,100,69,2026-10-02T09:03:33+00:00,ok,"قیمت پوند انگلستان ✓کد درخواست فروش : 210926 ✓ خرید ویژه پوندلند T 290,000 T 285,000 T 280,000 T 275,000 ✓ فروش ویژه پوندلند T 300,000 T 305,000 T 310,000 T 315,000 گروه صرافی پوندلند انگلستان ✓نرخ ارز پوند،دلار،یورو،درهم،لیر ✓نرخ ارز دیجیت...",iraq_seed|previous_candidate_registry|source_registry|uk_seed
nerkhsarafionline,Nerkh Sarafi Online نرخ صرافي,https://t.me/s/nerkhsarafionline,regional_fx_board,20,19,Armenia|Dubai|Iran|Iraq|London|Qatar|Turkey|UK,8,100,69,2026-10-02T09:03:33+00:00,ok,"18/09/2026 ‌‏ ‎نرخ امروز لندن ✓قیمت خرید پوند, ‎خريد حساب رسمی: 285,000 ‎نقدی/حساب از ۵،۰۰۰: 280,000 ‎ نقدی/حساب از ۲،۰۰۰: 275,000 ‎ نقدی/حساب از ۱۰۰: 270,000 ✓قیمت فروش پوند; ‎فروش پوند نقدی:295,000 ‎حساب عادی:298,000 ‎ حساب فوری: 305,000 ...",armenia_seed|iraq_seed|previous_candidate_registry|qatar_seed|source_registry|uk_seed
dolareseleimani,نرخ لحظه ای دلار سلیمانیه,https://t.me/s/dolareseleimani,unknown,19,19,Tehran,1,5,65,2026-10-02T17:39:31+00:00,ok,"دلار فردایی تهران ⏳ 263,577 مـعامله شد ✅ ⏱️ به‌روزرسانی: 20:39:31 📅 تاریخ: جمعه 10 مهر 1405 💎 دلار سلیمانی",previous_candidate_registry|source_registry
berlin_pay,برلین پِی,https://t.me/s/berlin_pay,regional_fx_board,18,18,Berlin|Iran|Munich,3,100,57.0,2026-10-01T07:48:50+00:00,ok,خرید یورو نقدی برلین €* 245000 برلین 247000 بالای هزار 249000 بالای ۵هزار خرید یورو واریزبانکی* 251000 بالای هزار 253000 بالای ۵هزار https://chat.whatsapp.com/L204hi6hEZe3W9I2UUJiLd,germany_seed|previous_candidate_registry|source_registry
dollarferdowsi,نرخ لحظه ای دلار | میدان فردوسی تهران,https://t.me/s/dollarferdowsi,unknown,18,18,Tehran,1,5,58.0,2026-10-02T17:29:34+00:00,ok,"دلار فردایی تهران ⏳ 263,200 خــرید 🔵",previous_candidate_registry|source_registry
navasanchannel,نوسان - اعلان لحظه ای نرخ ارز و سکه,https://t.me/s/navasanchannel,regional_fx_board,20,17,Dubai|Turkey|UK,3,100,84,2026-10-02T17:22:09+00:00,ok,"💵 دلار آمریکا فروش 🔴 : 261,700 تومان 💵 دلار آمریکا خرید 🔵 : 261,300 تومان 💶 یورو فروش : 294,070 تومان دلار کانادا فروش 🇨🇦 : 188,170 تومان درهم امارات 🇦🇪 : 71,960 تومان سکه امامی ✴️ : 261,000,000 تومان سکه بهار آزادی ✴️ : 252,000,000 تومان ن...",existing_registry|iran_seed|previous_candidate_registry|source_registry
sabzemaidan,قیمت دلار تهران | سبزه میدان,https://t.me/s/sabzemaidan,unknown,20,17,Tehran,1,100,75,2026-10-02T19:10:59+00:00,ok,"𝐒𝐚𝐛𝐳𝐞𝐌𝐚𝐢𝐝𝐚𝐧 دلار سبزه تهران: 260,780 خرید #فردایی 🔵 ™️ @SabzeMaidan | 🔙 نرخ #دلارتهران",iran_seed|previous_candidate_registry|source_registry
fardaei_tehran,قیمت لحظه ای دلار تهران,https://t.me/s/fardaei_tehran,aggregator,18,17,Dubai|Tehran,2,25,61,2026-10-02T17:46:14+00:00,ok,"دلار فردایی تهران ⏳ 261,500 مـعامله شد ✅",iran_seed|previous_candidate_registry|source_registry
tahran_sabza,قیمت لحظه ای دلارتهران,https://t.me/s/tahran_sabza,unknown,18,17,Tehran,1,5,58,2026-10-02T17:29:24+00:00,ok,"دلار فردایی تهران ⏳ 263,500 فروش 🔴",iran_seed|previous_candidate_registry|source_registry
hmtransfer,تبادل ارز اروپا,https://t.me/s/hmtransfer,regional_market_channel,20,16,Germany|Tehran,2,100,83.0,2026-10-02T22:10:56+00:00,ok,"🔄 حواله 9735 بابت #فروش_یورو 🗣 فروشنده : Fatemeh 💚 💚 💚 💚 💚 💶 مبلغ: 100 یورو 💰 نرخ پیشنهادی: 285,000 تومان 💳 نوع حواله: حواله بانکی حساب شخص از آلمان ✍️ توضیحات: انتقال از رولوت پیشنهادهای ارسال شده: 🔸 279,000 تومان در 11 مهر 01:27 توسط د.ح ...",germany_seed|previous_candidate_registry|source_registry
abanpardakht,AbanPardakht,https://t.me/s/abanpardakht,regional_fx_board,18,15,Dubai|Turkey|UK,3,100,64,2026-10-01T16:30:23+00:00,ok,"📊 گزارش لحظه ای بازار ارز(اسکناس): 🇺🇸 USD: 250,820 🔺 دلار آمریکا 🇪🇺 EUR: 287,220 🔺 یورو 🇬🇧 󠁧󠁢󠁥󠁮 GBP: 334,630 🔺 پوند انگلیس 🇨🇦 CAD: 178,160 🔺 دلار کانادا 🇦🇺 AUD: 177,440 🔺 دلار استرالیا 🇨🇭 CHF: 303,310 🔺 فرانک سوئیس 🇹🇷 TRY: 5,160 🔺 لیر ترکیه...",previous_candidate_registry|source_registry
do_l4,قیمت‌‌‌لحظه‌ای دلار طلا خودرو و سکه,https://t.me/s/do_l4,regional_fx_board,17,15,Iran|Iraq|Tehran,3,100,76,2026-10-02T21:22:16+00:00,ok,"💸 دلار فردایی تهران 💵 263,‌800 خـرید 💸 💸 دلار فردایی تهران 💵 263,850 فروش 💵 💸 دلار فردایی تهران 💵 263,‌800 معامله ✅",previous_candidate_registry|source_registry
avatodaydollar,Avatoday Dollar exchange آواتودی دلار,https://t.me/s/avatodaydollar,regional_market_channel,16,15,Tehran,1,45,45,2026-08-25T18:46:19+00:00,ok,"دلار فردایی تهران ⏳ 174,000 مـعامله شد ✅ 🆔 @avatodaydollar",previous_candidate_registry|source_registry
dollar_tehran3bze,قیمت لحظه‌ای دلار تهران,https://t.me/s/dollar_tehran3bze,aggregator,15,15,Iran|Tehran,2,15,58,2026-10-02T17:29:24+00:00,ok,"دلار فردایی تهران ⏳ 263,500 فروش 🔴",iran_seed|previous_candidate_registry|source_registry
eghtesadtejarat,اقتصادتجارت,https://t.me/s/eghtesadtejarat,regional_fx_board,14,14,Dubai|Iran|Istanbul|Tehran|Turkey|UK,6,100,58.0,2026-10-01T17:00:01+00:00,ok,"🌐 مظنه بازار 1405/06/25 چهارشنبه دلار فروش : 230,500 تومان دلار خرید : 230,100 تومان یورو : 265,920 تومان دلار کانادا : 169,090 تومان درهم امارات : 63,360 تومان سکه امامی 234,000,000 تومان سکه بهار آزادی : 229,000,000 تومان نیم سکه 119,000,...",previous_candidate_registry|source_registry
groupsarafilondonuk,گروه تجاری مالی لندن London,https://t.me/s/groupsarafilondonuk,regional_fx_board,14,14,Iran|London|UK,3,100,69.0,2026-09-25T08:38:06+00:00,ok,"01/09/2026 ‎ ⭕️ گزارش قیمت ارزهای دیجیتال سه شنبه 10 شهریور 1405 ‎ ◽️ بیت کوین : 163,479,976,000 ریال ‎ ◽️ بیت کوین : 77,955.26 تتر ‎ ◽️ اتریوم : 5,146,178,500 ریال ‎ ◽️ اتریوم : 2,453.95 تتر ‎ ◽️ تتر : 2,096,970 ریال ‎ ◽️ تتر : 1 تتر ‎✓ نر...",previous_candidate_registry|source_registry|uk_seed
dolarrates,قیمت دلار امروز,https://t.me/s/dolarrates,regional_fx_board,14,13,Iraq|Tehran|Turkey,3,100,68,2026-10-01T17:46:08+00:00,ok,"✨ #نرخ_دلار تهران 📆 1405/07/09 | 🕰 15:30 💸 #فردایی : 258,700 تومان ▼ 💵 #نقدی : 258,100 تومان ▲ 📌 اسپرد: 600 تومان ⚡️ توجه: اسپرد فردایی-نقدی به 600 تومان رسید 📲 کانال قیمت #دلار تهران 👇 🆔 @DolarRates",previous_candidate_registry|source_registry
dollariraqi,سعر الدولار في العراق لحظة بلحظة بورصة الكفاح و الحارثية $,https://t.me/s/dollariraqi,regional_fx_board,12,12,Baghdad|Erbil|Iraq|Sulaymaniyah,4,100,62.0,2026-10-01T21:00:34+00:00,ok,🟢 آخر أسعار الدولار في البورصات المحلية 🕰 🔻 🔻 ⚡️ : 🏛️ سموأل 1553.00 | 1553.50 🏛️ كفاح 1555.00 | 1555.00 🏛️ حارثية 1554.00 | 1554.50 🏛️ البصرة 1552.00 | 1552.50 🏛️ أربيل 1555.00 | 1555.50 🏛️ سليمانية 1555.50 | 1556.50 🏛️ دهوك 1556.50 | 1557....,iraq_seed|previous_candidate_registry|source_registry
royal_rate,نرخ ارز بازار CURRENCY RATE,https://t.me/s/royal_rate,exchange_shop,12,12,Dubai|Rasht,2,100,61.0,2026-10-01T09:33:40+00:00,ok,"*شروع قیمت فروش* درهم اول وقت بازار دبی 65,700/800 (بازگشایی نرخ) غیر رسمی* شروع شد. http://T.me/Royal_rate *شروع قیمت از دبی الانی (نرخ تقریبی بازار)* _ کانال نرخ زنی ما رو به دوستانتون معرفی کنین. #درهم #صرف #نرخ #صرافی #درهم_نقدی #دلار #...",previous_candidate_registry|qatar_seed|source_registry
sarafionline7groupuk,Nerkh Sarafi Online 7 Group Uk,https://t.me/s/sarafionline7groupuk,regional_fx_board,11,11,Armenia|Dubai|Iran|Iraq|London|Qatar|Tehran|Turkey|UK,9,100,76,2026-10-02T08:41:26+00:00,ok,". ⭕️ قیمت ارزهای آزاد | شنبه 4 مهر 1405 - 12:11 🇺🇸 دلار : 2,341,950 ریال 🇪🇺 یورو : 2,669,700 ریال 🇬🇧 پوند انگلیس : 3,104,600 ریال 🇦🇪 درهم امارات : 637,710 ریال 🇹🇷 لیر ترکیه : 48,865 ریال 🇨🇭 فرانک سوئیس : 2,828,700 ریال 🇩🇰 کرون دانمارک : 356...",iraq_seed|previous_candidate_registry|source_registry|uk_seed
hiemarat,نرخ درهم امارات و طلا دبی، نقره و تتر,https://t.me/s/hiemarat,regional_market_channel,10,10,Dubai|Iran,2,100,60.0,2026-10-02T17:32:33+00:00,ok,"درهم در بازار ایران: 71,850 تومان 🇮🇷 تغییرات: 600 تومان 📈 به‌روزرسانی: 2026-10-02 17:30 ⏰",previous_candidate_registry|source_registry|uae_seed
sarafionlineuk,Sarafi Online 7 Seven Uk,https://t.me/s/sarafionlineuk,regional_fx_board,11,10,Armenia|Dubai|Iran|Iraq|London|Qatar|Turkey|UK,8,100,76.0,2026-10-02T09:01:13+00:00,ok,". ⭕️ قیمت ارزهای آزاد | شنبه 4 مهر 1405 - 12:11 🇺🇸 دلار : 2,341,950 ریال 🇪🇺 یورو : 2,669,700 ریال 🇬🇧 پوند انگلیس : 3,104,600 ریال 🇦🇪 درهم امارات : 637,710 ریال 🇹🇷 لیر ترکیه : 48,865 ریال 🇨🇭 فرانک سوئیس : 2,828,700 ریال 🇩🇰 کرون دانمارک : 356...",iraq_seed|previous_candidate_registry|source_registry|uk_seed
dollarsprice22,💵 مظنه ارز 💵,https://t.me/s/dollarsprice22,regional_fx_board,10,9,Iran|Iraq|Shiraz|Tehran,4,100,60,2026-10-02T14:21:58+00:00,ok,"#1405_07_06 ⏱️ 11:01 💵 #دلار تهران_نقدی 🇮🇷 239,500 تا 240,000 دلار 🇺🇸 تهران بین همکاران 241,000 دینار عراق 🇮🇶 150,000 تومان 🅱 بیت‌کوین 83.589.00 💵 📈 💰 قیمت ارز،طلا و خودرو 👇 @dollarsprice22",previous_candidate_registry|source_registry
ir_dolar,قیمت لحظه ای دلار,https://t.me/s/ir_dolar,regional_fx_board,10,9,Iran|Iraq|Shiraz|Tehran,4,100,60,2026-10-02T14:21:40+00:00,ok,"#1405_07_06 ⏱️ 11:00 💵 #دلار تهران_نقدی 🇮🇷 239,500 تا 240,000 دلار 🇺🇸 تهران بین همکاران 241,000 دینار عراق 🇮🇶 150,000 تومان 🅱 بیت‌کوین 83.589.00 💵 📈 💰 قیمت ارز،طلا و خودرو 👇 @ir_dolar @new_onlin",armenia_seed|previous_candidate_registry|qatar_seed|source_registry
sarafijavan,SARAFI JAVAN | صرافی جوان لندن پوند خرید و فروش قیمت پوند نرخ ارز حواله دلار کانادا آمریکا درهم CAD EURO انگلیس یورو,https://t.me/s/sarafijavan,regional_fx_board,9,9,Dubai|London|Tehran|UK,4,100,71,2026-10-02T08:10:00+00:00,ok,"🟢 289,000 تومـــان خـــریـــ‌‌ـد ما (پــوند حسابی) 🔴 299,000 تومـــان فــــــروش ما (پــوند حسابی) ⭐️ انتقال سریع، مطمئن و شفاف ⭐️ ⸻ 📞 WhatsApp استعلام بهترین و آخرین قیمت 💬 👇 👇 👇 👇 https://wa.me/447577175916 ⸻ 📌 قیمت‌های فروش در تهران 💸 پو...",previous_candidate_registry|source_registry|uk_seed
akhbrdolar1,نرخ اصلی دلار هرات,https://t.me/s/akhbrdolar1,regional_market_channel,14,9,Herat,1,10,63,2026-10-02T18:01:53+00:00,ok,"هرات فردایی ⏳ 259,000 فروش 🔴",previous_candidate_registry|source_registry
haratdollar,دلار هرات 🅅🄸🄿,https://t.me/s/haratdollar,regional_market_channel,13,9,Herat,1,10,66,2026-10-02T18:33:14+00:00,ok,"هرات فردایی ⏳ 259,000 فروش 🔴",afghanistan_seed|existing_registry|previous_candidate_registry|source_registry
herat_tomen,هرات تومن دالر,https://t.me/s/herat_tomen,unknown,15,9,Herat,1,0,63,2026-10-02T18:01:11+00:00,ok,"هرات فردایی ⏳ 259,000 فروش 🔴",afghanistan_seed|previous_candidate_registry|source_registry
ahanborhanii,🟨⬜ آهن برهانی ⬜🟨,https://t.me/s/ahanborhanii,regional_fx_board,15,8,Isfahan|Mashhad|Tehran,3,100,51.0,2026-10-01T10:05:59+00:00,ok,"📍 دلار تهران = 235,200 📍 تتر (تومان) = 235,100",previous_candidate_registry|source_registry
daviditsupportuklondon,DAVID IT SUPPORT UK,https://t.me/s/daviditsupportuklondon,regional_fx_board,14,8,Iran|London|Tehran|UK,4,100,69.0,2026-09-25T08:34:12+00:00,ok,"17/09/2026 ‎ ⭕️ گزارش قیمت ارزهای دیجیتال چهارشنبه 25 شهریور 1405 ‎ ◽️ بیت کوین : 173,721,656,000 ریال ‎ ◽️ بیت کوین : 75,626.51 تتر ‎ ◽️ اتریوم : 5,484,395,200 ریال ‎ ◽️ اتریوم : 2,387.53 تتر ‎ ◽️ تتر : 2,300,090 ریال ‎ ◽️ تتر : 1 تتر ‎✓ ن...",previous_candidate_registry|source_registry
dirhamdubai,نرخ انلاین درهم دبی,https://t.me/s/dirhamdubai,unknown,8,8,Afghanistan|Armenia|Dubai|Iran|Tehran,5,100,63.0,2026-10-01T09:17:24+00:00,ok,"🔴 فروش درهم ( Dirham ) دبي 🇦🇪 70,300 🇦🇪 ری‌اکشن شما به ما انرژی میده ❤️ @DirhamDubai",iran_seed|previous_candidate_registry|source_registry|uae_seed
dolarsaghez,دلار سقز,https://t.me/s/dolarsaghez,regional_market_channel,20,8,Iraq|Tehran,2,100,50.0,2026-06-15T05:02:49+00:00,ok,"دلار فردایی تهران 163,‌600 خـرید دلار فردایی تهران 163,650 فروش دلار فردایی تهران 163,‌600 معامله",previous_candidate_registry|source_registry
borsakurdstan,بۆرسەی کوردستان,https://t.me/s/borsakurdstan,regional_market_channel,1,8,Baghdad|Erbil,2,25,58.0,2026-10-01T17:15:14+00:00,ok,"سليمانيه 157,400 طلب سوور اربيل 157,400 ع سوور",previous_candidate_registry|source_registry
arzcredit,Arz Credit | ارزکردیت,https://t.me/s/arzcredit,regional_fx_board,7,7,Dubai|Iran|Mazar,3,100,57,2026-10-02T11:25:48+00:00,ok,"🔺 قیمت‌ ارز 🔹 تاریخ 04 مهر 1405 🔻 نرخ‌ های زیر، نرخ حواله می‌ باشد 🔸 دلار:245,000 🔸 یورو: 278,000 🔸 درهم امارات: 65,800 🔸 رینگیت مالزی: 59,400 🔸 تتر: 240,700 🔹 سایت ما: http://www.arzcredit.com 🔹 کانال بله ما: https://ble.ir/arzcredit_com 🔹...",previous_candidate_registry|source_registry
danielexchange,صرافی دانیال لندن - Sarafi Daniel London,https://t.me/s/danielexchange,regional_market_channel,8,7,London|UK,2,100,69,2026-10-02T10:47:00+00:00,ok,"💷 خرید پوند بانکی : 285,000- 290,000 تومان 💷 فروش پوند بانکی: Call تومان 🔸 شامل مبالغ انتقال بانکی ============================== 💷 خرید نقدی پوند :280,000 تومان 💷 فروش نقدی پوند : Call تومان 🔸 شامل مبالغ کش(نقدی) ✴️ خرید و فروش قانونی ارز ...",previous_candidate_registry|source_registry|uk_seed
hmbcexchangebureau,London exchange,https://t.me/s/hmbcexchangebureau,regional_market_channel,10,7,Iran|London,2,100,76,2026-10-02T10:26:37+00:00,ok,HMBC London exchange صرافي لندن ارسال پوند به ایران و بالعكس 🔺 خريد از حساب هر پوند ٢٩٢،٠٠٠ 🔹 فروش واريز به حساب پوند ٣١٠،٠٠٠ 🔹 خرید پوند نقدي ٢٨٨،٠٠٠ 🔺 فروش پوند نقدي ٣٠٥،٠٠۰ 🎉 کلیه حواله های زیر 500£ شامل 10£ کارمزد میباشد ✅ بهترین و پایی...,previous_candidate_registry|source_registry|uk_seed
arzchande,ارز چنده؟ | Bonbast | بن بست,https://t.me/s/arzchande,regional_fx_board,20,6,Afghanistan|Armenia|Dubai|Iraq|Qatar|Turkey|UK,7,100,92.0,2025-01-28T16:37:17+00:00,ok,قیمت طلا 💰 هر اونس طلا : 0 دلار 🔻 کاهش: 1815 دلار 💰 یک مثقال طلای 17 عیار : 0 تومان 🔻 کاهش: 9733000 تومان 💰 یک گرم طلای 18 عیار : 0 تومان 🔻 کاهش: 2246871 تومان 💰 سکه تمام بهار آزادی : 0 تومان 🔻 کاهش: 24600000 تومان 💰 نیم سکه بهار آزادی : 0 ...,existing_registry|iran_seed|previous_candidate_registry|source_registry
eurobazaar,یورو بازار بانکی,https://t.me/s/eurobazaar,regional_market_channel,20,6,Berlin,1,100,86.5,2026-10-02T20:22:06+00:00,ok,"#لیست درخواست ها جهت خرید یورو حواله بانکی : 👈 مناسب برای فروشندگان یورو حواله بانکی 🆔 @EuroBazaarBot 🔷 حواله 79468 : نرخ: 255,000 مبلغ: 300 یورو 🔷 حواله 79487 : نرخ: 255,000 مبلغ: 750 یورو 🔷 حواله 79495 : نرخ: 255,000 مبلغ: 1500 یورو 🔷 حوا...",germany_seed|previous_candidate_registry|source_registry
qheimat_dolar_sabze,نرخ دلار و طلا و سکه تهران,https://t.me/s/qheimat_dolar_sabze,regional_market_channel,19,6,Dubai,1,100,47.0,2026-08-11T09:39:55+00:00,ok,"📌 قیمت لحظه‌ای ارز | ۱۴۰۵/۰۵/۱۹ 💵 دلار آمریکا | 185,600 تومان 📈 0.16 | 🔺 186,720 | 🔻 185,280 💶 یورو | 214,530 تومان 📈 0.15 | 🔺 215,830 | 🔻 214,170 🇦🇪 درهم امارات | 50,538 تومان 📈 0.75 | 🔺 51,117 | 🔻 50,452 ₿ بیت کوین | 64,971.00 دلار (≈ 12,...",iran_seed|previous_candidate_registry|source_registry
as_plus_shopping,دخانیات آس,https://t.me/s/as_plus_shopping,regional_fx_board,5,5,Dubai|Turkey|UK,3,100,54,2026-10-01T09:28:13+00:00,ok,"🔸 دلار آمریکا : 240,500 🔸 دلار کانادا : 169,990 🔸 یورو : 273,930 🔸 پوند انگلیس : 318,590 🔸 درهم امارات : 66,110 🔸 یوآن چین : 35,820 🔸 لیر ترکیه : 4,910 🔸 سکه امامی : 242,500,000 🔸 نیم سکه : 124,000,000 🔸 ربع سکه : 66,000,000 🔸 گرم طلای 18 :...",previous_candidate_registry|source_registry
hamburg_euro,هامبورگ یورو,https://t.me/s/hamburg_euro,regional_market_channel,20,5,Germany|Hamburg,2,100,43,2026-09-21T11:32:14+00:00,ok,🔹 #فروش_یورو #هامبورگ آلمان مقدار: 5000 یورو نرخ: 190000 تومان 👤 ارتباط با شخص | @HamburgEuroo توضیحات: توافقی,germany_seed|previous_candidate_registry|source_registry
sarafibartarlondon,صرافی برتر | لندن,https://t.me/s/sarafibartarlondon,exchange_shop,13,4,London,1,65,68.0,2026-10-02T08:28:22+00:00,ok,"خرید پوند بانکی : 300,000 تومان نرخ‌های بانکی : برای مبالغ بالای 1000 پوند 💷 فروش پوند بانکی (حساب رسمی) : Call برای کسب قیمت قطعی و اطلاعات بیشتر تماس بگیرید ⁦برای معاملات رسمی با رسید معتبر با ما تماس بگیرید راه‌های ارتباط با ما 🇬🇧 👇🏻 📞 ت...",previous_candidate_registry|source_registry|uk_seed
arianaexchange,Ariana exchange صرافي آريانا💰,https://t.me/s/arianaexchange,exchange_shop,11,3,Iran,1,100,51,2026-10-01T05:45:43+00:00,ok,"🔵 نرخ خريد ويژه 161,000 (استراليا به ايران) 📌 مبالغ بالاي 10,000$",previous_candidate_registry|source_registry
arz_tala_online,قیمت ارز، طلا و سکه,https://t.me/s/arz_tala_online,regional_fx_board,7,2,Dubai|Essen|Iran|Kerman|Qatar|Turkey|UK,7,100,70.5,2026-10-02T12:31:02+00:00,ok,"دلار آمریکا 🇺🇸 258,310 تغییر 0◄ %0.00 یورو 🇪🇺 291,000 تغییر 0◄ %0.00 پوند انگلیس 🇬🇧 341,570 تغییر 0◄ %0.00 درهم امارات 🇦🇪 70,250 تغییر 0◄ %0.00 لیر ترکیه 🇹🇷 5,090 تغییر 0◄ %0.00 ین ژاپن 🇯🇵 1,645 تغییر 0◄ %0.00 دلار استرالیا 🇦🇺 179,390 تغییر...",previous_candidate_registry|source_registry
bahamrocom,سامانه سفر باهمرو,https://t.me/s/bahamrocom,regional_fx_board,18,2,Ankara|Armenia|Dubai|Iran|Isfahan|Istanbul|Mashhad|Shiraz|Tabriz|Tehran|Turkey,11,100,63.0,2019-08-26T15:32:14+00:00,ok,"🔵 آفر های ویژه باهمرو برای چهارشنبه 1398/5/9 . 🛑 🛑 🛫 پایین ترین نرخ بلیت هواپیما در کشور! ✈ مشهد به تهران سه شنبه5/22 قیمت 3,684,000 ریال 🔗 خرید آنلاین ✈ تهران به مشهد سه شنبه5/22 قیمت 3,490,700 ریال 🔗 خرید آنلاین ✈ بوشهر به تهران سه شنبه5/...",previous_candidate_registry|source_registry
bistifx,صرافی بيستی كانادا,https://t.me/s/bistifx,regional_market_channel,2,2,Afghanistan|Armenia|Dubai|Iran|Qatar|Qom|Tehran|Turkey,8,100,77.5,2026-10-02T13:05:16+00:00,ok,"📡 رادار بازار بررسی وضعیت بازار ایران و جهان قیمت دلار کانادا در بازار ۱۸۲,۱۰۰ تومان است که نسبت به دیروز ۲,۲۰۰ تومان (۱.۲۲ درصد) افزایش یافته است. هر دلار کانادا، دیروز با قیمت ۱۷۹,۹۰۰ تومان معامله می‌شد. امروز، پنج‌شنبه دفاتر تورنتو و مون...",previous_candidate_registry|source_registry
gold_mesghal,👎💰 تحلیل تکنیکال آبشده نقدی رسمی و غیررسمی Gold_Mesghal 💰👍,https://t.me/s/gold_mesghal,regional_market_channel,11,2,Iraq|Tehran,2,100,66.5,2026-09-30T17:24:46+00:00,ok,"💸 دلار فردایی تهران 💵 254,200 خـرید 💸 💸 دلار فردایی تهران 💵 254,250 فروش 💵 💸 دلار فردایی تهران 💵 254,200 معامله ✅",iran_seed|previous_candidate_registry|source_registry
sepehrexchange1,حواله فوری یوآن CNY 🇨🇳 RMB,https://t.me/s/sepehrexchange1,regional_fx_board,5,2,Afghanistan|Dubai|Herat|Iraq|Qom|Sulaymaniyah|Tehran|Turkey,8,100,66.5,2026-10-02T14:50:05+00:00,ok,"⭕️ #قیمت_دلار 1405/07/07 🔸 دلار تحویل شنبه تهران وارد کانال ""255,000"" تومان شد. 🆔 @SepehrExchange1 ╰══•◍⃟ 🌾 •══╯",iran_seed|previous_candidate_registry|source_registry
dornareport,Dornareport,https://t.me/s/dornareport,regional_fx_board,4,2,Dubai|Istanbul|London|Qatar|Qom,5,90,32.0,2025-02-01T09:17:43+00:00,ok,📢 دبی، فرودگاه جهان؛ ۱۰ سال صدرنشینی DXB به‌عنوان شلوغ‌ترین هاب بین‌المللی فرودگاه بین‌المللی دبی (DXB) برای دهمین سال متوالی، عنوان شلوغ‌ترین فرودگاه بین‌المللی جهان را حفظ کرده است. 🔹 دستاوردهای ۱۰ سال گذشته: ✅ ۷۰۰ میلیون مسافر ✅ ۳.۳ میلی...,previous_candidate_registry|source_registry
tomandollar110,💵نرخ تومان دلار 💵,https://t.me/s/tomandollar110,regional_fx_board,10,2,Dubai|Herat|Iraq|Mashhad|Qom|Sulaymaniyah|Tehran|Turkey|UK,9,75,68.0,2026-10-01T05:48:44+00:00,ok,🔻 دلار بین ۲۴۵ و ۲۶۰ هزار تومان؛ کدام مسیر فعال می‌شود؟چهارشنبه ۸ مهر ۱۴۰۵|۲۰:۵۰مطالعه ۳ دقیقه بهار اسبقی قیمت دلار در بازار آزاد تهران امروز چهارشنبه ۸ مهر ۱۴۰۵ با حدود ۳ هزار تومان افزایش به ۲۵۶ هزار تومان رسید؛ رشدی نزدیک به ۱.۲ درصد که ...,armenia_seed|previous_candidate_registry|qatar_seed|source_registry
ashrafikhodro,🔰اخبار بازار خودرو مشهد (اشرفی),https://t.me/s/ashrafikhodro,aggregator,2,2,Herat|Iran|Kerman|Tehran,4,55,49.0,2026-09-30T09:59:10+00:00,ok,"دلار نــقدی تهران 💵 221,626 مـعامله شد ☑️ ⏱️ به‌روزرسانی: 13:29:59 📅 تاریخ: پنج‌شنبه 12 شهریور 1405 💎 دلار هرات",previous_candidate_registry|source_registry
roya_mah_e_sefid,رویای مهاجرت با ماه سفید,https://t.me/s/roya_mah_e_sefid,regional_market_channel,2,2,Dubai|Iran,2,50,79.0,2026-10-02T15:47:49+00:00,ok,"#نرخ_ارز 🕐 پنجشنبه ۰۹ مهر ۱۴۰۵ ساعت ۱۷:۴۵ 💵 دلار آمریکا فروش 🔴 : 259,000 تومان 💵 دلار آمریکا خرید 🔵 : 258,600 تومان 💶 یورو فروش : 292,490 تومان دلار کانادا فروش 🇨🇦 : 185,980 تومان درهم امارات 🇦🇪 : 71,190 تومان سکه امامی ✴️ : 261,000,000 توم...",iran_seed|previous_candidate_registry|source_registry
aghohmpeq1,💱تحلیل آبشده نقدی دلار هرات💱,https://t.me/s/aghohmpeq1,aggregator,3,2,Herat,1,35,49.0,2026-02-17T14:25:45+00:00,ok,هدف دلار هرات 162000 هدف بعدی 163000 ✅,previous_candidate_registry|source_registry
ameryex,عامري كاش للحوالات المالية,https://t.me/s/ameryex,aggregator,2,2,Qom,1,20,55.5,2023-02-06T22:04:38+00:00,ok,يمكنك الاستعلام عن حوالتك المرسلة و الغير مستلمة عبر التواصل عبر الارقام التالية ☎️ : 01683555 - 01684370 - 01684371 او الرقم المجاني : 8000085 او زيارة اقرب فرع من فروع شركة احمد العامري للصرافة والتحويلات. عامري_كاش_الاقرب_اليك .,previous_candidate_registry|source_registry
aghadolar,اخبار آقای دلار,https://t.me/s/aghadolar,regional_fx_board,13,1,Dubai|Iraq|Qom|Tehran,4,100,62,2026-09-28T15:31:09+00:00,ok,"‏ 💵 دلار آمریکا فروش 🔴 244,400 ‏ 💵 دلار آمریکا خرید 🔵 244,200 ‏یورو 🇪🇺 277,850 ‏دلار کانادا 🇨🇦 172,500 ‏درهم امارات 🇦🇪 66,577 ‏یوان چین 🇨🇳 36,420 ‏طلای 18 عیار 24,493,500 مثقال آب‌شده 🟧 105,572,000 ‏سکه امامی 246,985,000 ‏بهار آزادی 241,230...",previous_candidate_registry|source_registry
barghme_com,سیم و کابل برق می | BARGHME,https://t.me/s/barghme_com,regional_market_channel,9,1,Kabul|Tehran,2,100,49,2026-02-08T08:28:27+00:00,ok,"🟠 نبض بازار مس و آلومینیوم اطلاعات لحظه‌ای قیمت‌ها | ویژه فعالان بازار 🇺🇸 دلار 💰 قیمت لحظه‌ای: 1,564,700 ریال 📊 نرخ‌های فروش نهایی مورد انتظار بازار 📅 تاریخ: ۱۴۰۴/۱۱/۱۹ 🔹 مفتول کاتدی بورس کالا (بدون ارزش افزوده): 17,398,800 ریال 🔹 کاتد مس ب...",previous_candidate_registry|source_registry
citaimmobilienimmobiliensuche,گروه مشاورین املاک سیتا - فرانکفورت آلمان,https://t.me/s/citaimmobilienimmobiliensuche,regional_market_channel,4,1,Berlin|Frankfurt|Germany|UK,4,100,56,2025-04-23T08:01:27+00:00,ok,🇮🇷 فارسی: 🏡 فرصت استثنایی خرید خانه در آلمان – Maintal یک آپارتمان ۴ اتاقه بسیار شیک با بالکن، فوراً قابل سکونت، با شرایط عالی در Maintal به فروش می‌رسد! ✔️ متراژ: ۹۵ متر مربع ✔️ ۴ اتاق ✔️ دو سرویس بهداشتی ✔️ آشپزخانه مجهز ✔️ منظره باز و طب...,previous_candidate_registry|source_registry
frankfurt_euro,فرانکفورت یورو,https://t.me/s/frankfurt_euro,regional_market_channel,20,1,Frankfurt|Germany,2,100,60,2026-01-15T15:43:33+00:00,ok,🔹 #فروش_یورو #فرانکفورت آلمان مقدار: 400 یورو نرخ: 110000 تومان 👤 ارتباط با شخص | @Hosseini_SM توضیحات: 165000,germany_seed|previous_candidate_registry|source_registry
iranianerbil2,ایرانیان اربیل,https://t.me/s/iranianerbil2,exchange_shop,2,1,Dubai|Erbil|Essen|Iran|Iraq|Turkey,6,100,46,2026-08-10T17:47:54+00:00,ok,▫️ دلار: ۱۸۵،۴۰۰ تومان ▫️ یورو: ۲۱۴،۱۹۰ تومان ▫️ پوند: ۲۵۰،۷۵۰ تومان ▫️ یوان چین: ۲۷،۶۴۰ تومان ▫️ درهم امارات: ۵۰،۴۹۹ تومان ▫️ لیر ترکیه: ۳،۸۷۰ تومان ▫️ تتر: ۱۸۵،۷۸۱ تومان ▫️ انس طلا: ۴،۳۴۹.۸۵ دلار ▫️ طلای ۱۸ عیار: ۱۸،۷۸۵،۵۰۰ تومان ▫️ سکه ا...,existing_registry|iraq_seed|previous_candidate_registry|source_registry
lubrinol,lubrinol,https://t.me/s/lubrinol,regional_market_channel,4,1,Dubai|Essen|Germany|Herat|Iran|Iraq|Tehran|Turkey|UK,9,100,43,2021-07-02T04:37:13+00:00,ok,🗓 1400/04/10 23:40 نرخ های پایان امروز : دلار #آزاد در تهران : 25.100 🇺🇸 ➖ یورو اتحادیه اروپا : 29.750 🇪🇺 ➖ پوند انگلیس : 34.350 🏴󠁧󠁢󠁥󠁮󠁧󠁿 🔺 درهم امارات : 6.850 🇦🇪 ➖ 🥇 سکه نقدی/امامی : 10.725.000 🔻 🥇 نیم سکه : 5.750.000 ➖ 🥇 ربع سکه : 3.700.00...,afghanistan_seed|previous_candidate_registry|source_registry
navasan_public_currency_board,Public Currency Board,https://www.navasan.net/,regional_fx_board,1,1,Armenia|Dubai|Germany|Iran|Iraq|Qatar|Turkey|UK,8,100,94.0,2026-10-02T20:10:05+00:00,ok,Public currency board: Armenia 725 toman; Dubai 72350 toman; Germany 296140 toman; Iran 263200 toman; Iraq 200.95 toman; Qatar 72220 toman; Turkey 5360 toman; UK 348080 toman,navasan_public_currency_board
pargarexchangegroup,Exchange USD/EUR/IRR,https://t.me/s/pargarexchangegroup,regional_fx_board,5,1,Afghanistan|Armenia|Herat|Iran|Iraq|Qom|Turkey|UK,8,100,36,2025-11-03T19:17:45+00:00,ok,هشت نفر تا پایان ثبت نام وبینار در واقع هواپیما پرواز به آینده با خلبانی پرگار به سرزمین جدید آرزوها فقط هشت تا مسافر ظرفیت داره اینو انصافا با عشق میخوام واستون بنویسم: من (علیرضا) توی جلسه ای که اواخر سپتامبر با دکتر سامان و امیر و حبیب و...,iran_seed|previous_candidate_registry|source_registry
darbastan,Darbastan.com,https://t.me/s/darbastan,regional_market_channel,1,1,Iran|Qatar|Tehran,3,95,42,2026-09-20T14:33:32+00:00,ok,"💰 قیمت لوله داربستی 🏭 کارخانه تهرانشرق —————————————— ▫️ ضخامت(mm): ۲ ▫️ طول: ۶ ▫️ شاخه: ۱۳.۷ تا ۱۴ ▫️ وزن: کیلوگرم ▫️ قیمت (تومان): ۱۴۴,۸۰۰ ▫️ ضخامت(mm): ۲.۵ ▫️ طول: ۶ ▫️ شاخه: ۱۶.۲ تا ۱۶.۵ ▫️ وزن: کیلوگرم ▫️ قیمت (تومان): ۱۴۵,۸۰۰ ▫️ ضخامت...",previous_candidate_registry|source_registry
amd_official_channel,AMD official channel,https://t.me/s/amd_official_channel,exchange_shop,2,1,Armenia,1,60,58,2024-09-04T11:03:56+00:00,ok,"AMD decided to change the VIP level promotion system and increase the monthly salary of VIP members. The current monthly salary collection system is as follows: When your members rent AMD semiconductor products for 500Rs or more, you can ad...",previous_candidate_registry|source_registry
bourseengineering1,مهندسی بورس,https://t.me/s/bourseengineering1,aggregator,1,1,Iran,1,55,50,2020-03-28T08:31:57+00:00,ok,"#قاسم در ۵۵۲۱۰ مناسب خرید ⭐️
#قاسم گزارش فعالیت ماهانه #دوره_1_ماهه منتهی به 1398/12/29 ▪️ شرکت قاسم ایران در دوره 1 ماهه منتهی به اسفند 1398از محل فروش و یا ارائه خدمات خود مبلغ 3,528,543 میلیون ریال درآمد محقق نمود که نسبت به دوره 1 ماهه ...",previous_candidate_registry|source_registry
dhsgroupdubai,🇦🇪𝐃𝐇𝐒/درهم🇦🇪,https://t.me/s/dhsgroupdubai,regional_market_channel,5,1,Dubai|Tehran,2,35,61,2026-10-01T09:26:35+00:00,ok,🔘 USDT * 🇮🇷 نرخ تتر : 257800 @DHSGROUPDUBAI1,previous_candidate_registry|source_registry|uae_seed
dubai,Dubai,https://t.me/s/dubai,regional_market_channel,3,1,Dubai,1,20,36,2026-09-10T07:01:12+00:00,ok,"The floor just disappeared. Since April 2026, Dubai's two-year property investor visa has no minimum purchase value at all — the AED 750,000 threshold is gone. The ten-year Golden Visa still sits at AED 2 million, and multiple properties ca...",previous_candidate_registry|source_registry
acbarjobs1401,کاریابی سایت اکبر Acbar Jobs,https://t.me/s/acbarjobs1401,regional_market_channel,3,0,Afghanistan|Essen|Herat|Kabul|Mazar|Rasht|UK,7,100,0.0,,ok,,previous_candidate_registry|source_registry
aerztefueraufklaerungoffiziell,Ärzte für Aufklärung offiziell,https://t.me/s/aerztefueraufklaerungoffiziell,aggregator,6,0,Berlin|Bremen|Essen|Germany|Hamburg|Munich|Stuttgart|UK,8,100,0.0,,ok,,previous_candidate_registry|source_registry
ahmaditravelagency,شرکت سیاحتی تکت فروشی و صرافی برادران احمدی,https://t.me/s/ahmaditravelagency,exchange_shop,1,0,Afghanistan|Essen|Herat|Iran|Kabul|Mashhad,6,100,0.0,,ok,,previous_candidate_registry|source_registry
apadanaexchangeau,Apadana Exchange,https://t.me/s/apadanaexchangeau,exchange_shop,9,0,Iran,1,100,0.0,,ok,,previous_candidate_registry|source_registry
aria_ex,Aria Exchange,https://t.me/s/aria_ex,exchange_shop,20,0,,0,100,0.0,,ok,,previous_candidate_registry|source_registry
arianarates,نرخ لحظه اي آريانا | Daily Rates,https://t.me/s/arianarates,regional_fx_board,20,0,Dubai|Herat|Tehran|Turkey,4,100,0.0,,ok,,previous_candidate_registry|source_registry
ariapaymentofficial,صرافی آریا,https://t.me/s/ariapaymentofficial,regional_market_channel,9,0,Mazar|Turkey,2,100,0.0,,ok,,previous_candidate_registry|source_registry
arjpay,صرافی ارج پی,https://t.me/s/arjpay,regional_market_channel,12,0,Iran|UK,2,100,0.0,,ok,,previous_candidate_registry|source_registry
arzdigital,ArzDigital - ارزدیجیتال,https://t.me/s/arzdigital,exchange_shop,5,0,Iran,1,100,0.0,,ok,,previous_candidate_registry|source_registry
arzinator,صرافی ارزیناتور | Arzinator Exchange,https://t.me/s/arzinator,exchange_shop,20,0,,0,100,0.0,,ok,,previous_candidate_registry|source_registry
arzindex,Arzindex | ارزایندکس,https://t.me/s/arzindex,regional_fx_board,19,0,Armenia|Dubai|Iraq|Istanbul|Turkey,5,100,0.0,,ok,,previous_candidate_registry|source_registry
arzpardaz,قیمت لحظه ای دلار | طلا | سکه | تتر | یورو | بیتکوین | crypto price,https://t.me/s/arzpardaz,unknown,20,0,,0,100,0.0,,ok,,previous_candidate_registry|source_registry
arzws,سرویس اعلام قیمت ارز، طلا و کریپتو,https://t.me/s/arzws,regional_fx_board,19,0,Afghanistan|Dubai|Iraq|Turkey,4,100,0.0,,ok,,previous_candidate_registry|source_registry
asreahan_anbar,قیمت میلگرد انبار تبریز | عصرآهن,https://t.me/s/asreahan_anbar,exchange_shop,7,0,,0,100,0.0,,ok,,previous_candidate_registry|source_registry
avapress,خبرگزاری صدای افغان (آوا),https://t.me/s/avapress,aggregator,6,0,Afghanistan|Dubai|Iran|Iraq|Kabul|Qom|Rasht|Tehran,8,100,0.0,,ok,,previous_candidate_registry|source_registry
avedoviz,نرخ لحظه ای دلار ( تحویل استانبول),https://t.me/s/avedoviz,regional_fx_board,11,0,Dubai|Iraq|Turkey|UK,4,100,0.0,,ok,,previous_candidate_registry|source_registry
banehdollar,$ بانه دلار $,https://t.me/s/banehdollar,regional_fx_board,10,0,Iran|Iraq|Shiraz|Tehran,4,100,0.0,,ok,,existing_registry|previous_candidate_registry|source_registry
bankhome,املاک مهاباد,https://t.me/s/bankhome,exchange_shop,12,0,,0,100,0.0,,ok,,previous_candidate_registry|source_registry
bazar_dollar,بازار دلار,https://t.me/s/bazar_dollar,regional_fx_board,9,0,Dubai|Iraq|Mazar|Tehran|Turkey|UK,6,100,0.0,,ok,,previous_candidate_registry|source_registry
bidarzpro,Bidarz | بیدارز,https://t.me/s/bidarzpro,aggregator,6,0,Mazar,1,100,0.0,,ok,,previous_candidate_registry|source_registry
bigpaysgdailyrates,BigPay SG - Daily Exchange Rates for International Bank Transfer,https://t.me/s/bigpaysgdailyrates,regional_market_channel,20,0,UK,1,100,0.0,,ok,,previous_candidate_registry|source_registry
bit24cash,Bit24 | صرافی ارز دیجیتال بیت۲۴,https://t.me/s/bit24cash,regional_market_channel,7,0,Mazar|Qom,2,100,0.0,,ok,,previous_candidate_registry|source_registry
bonbast_dollar,نرخ لحظه ای دلار و سکه,https://t.me/s/bonbast_dollar,unknown,20,0,,0,100,0.0,,ok,,previous_candidate_registry|source_registry
bonbast_ex,Bonbast.com,https://t.me/s/bonbast_ex,regional_market_channel,20,0,Iraq|Turkey,2,100,0.0,,ok,,previous_candidate_registry|source_registry
bonbast_exchange,نرخ دلار، یورو، پوند | بن بست | Bonbast,https://t.me/s/bonbast_exchange,regional_market_channel,20,0,UK,1,100,0.0,,ok,,existing_registry|iran_seed|previous_candidate_registry|source_registry
boonbas,بن بست بانک مرکزی صرافی ارز مجازی دلار تتر بیت کوین سکه حواله یورو خرید فروش طلا مثقال ابشده بازار جهانی بورس فارکس خودرو سهام,https://t.me/s/boonbas,regional_fx_board,17,0,Herat|Iran|Tehran,3,100,0.0,,ok,,afghanistan_seed|iran_seed|previous_candidate_registry|source_registry
bor30na,Bor30na,https://t.me/s/bor30na,regional_market_channel,5,0,Qom|Rasht,2,100,0.0,,ok,,previous_candidate_registry|source_registry
bursyab,بورس یاب | Bursyab,https://t.me/s/bursyab,regional_market_channel,2,0,Afghanistan|Istanbul|Rasht|Tehran|Turkey|UK,6,100,0.0,,ok,,previous_candidate_registry|source_registry
caspian_ex,صرافی کاسپین📈Caspian Exchange,https://t.me/s/caspian_ex,exchange_shop,16,0,Iran,1,100,0.0,,ok,,previous_candidate_registry|source_registry
cny_alipay,RMB 🇨🇳 ALIPAY حواله یوآن,https://t.me/s/cny_alipay,exchange_shop,8,0,Iran,1,100,0.0,,ok,,previous_candidate_registry|source_registry
coinofsalari,سکه صراف ميرسالاری,https://t.me/s/coinofsalari,aggregator,8,0,,0,100,0.0,,ok,,previous_candidate_registry|source_registry
cryptoland,کریپتولند - سیگنال کریپتو - آموزش ارز دیجیتال,https://t.me/s/cryptoland,exchange_shop,3,0,Mazar|Qom|UK,3,100,0.0,,ok,,previous_candidate_registry|source_registry
das_cash,⛳️درهم نرخ⛳️,https://t.me/s/das_cash,regional_market_channel,2,0,Dubai|Iran|Istanbul|Kabul|Sulaymaniyah|Tehran,6,100,0.0,,ok,,previous_candidate_registry|source_registry
deezerarls,Deezer ARLs,https://t.me/s/deezerarls,unknown,4,0,,0,100,0.0,,ok,,previous_candidate_registry|source_registry
deltaexchange1,صرافی DELTA (حواله لیر دلار یورو),https://t.me/s/deltaexchange1,exchange_shop,10,0,Turkey,1,100,0.0,,ok,,previous_candidate_registry|source_registry
derhamlir,USDT&DHS خونه تتر,https://t.me/s/derhamlir,exchange_shop,14,0,Dubai,1,100,0.0,,ok,,previous_candidate_registry|source_registry
deutschepedia,🇩🇪 كانال دويچــه پديــــا 🇩🇪,https://t.me/s/deutschepedia,exchange_shop,5,0,Afghanistan|Berlin|Essen|Germany|Iran|Kabul|Qom|Rasht|Tehran|UK,10,100,0.0,,ok,,previous_candidate_registry|source_registry
deutschunterichten,آموزش آلمانی Menschen,https://t.me/s/deutschunterichten,exchange_shop,1,0,Berlin|Germany|Iran|Qom|Rasht,5,100,0.0,,ok,,previous_candidate_registry|source_registry
dinarcurrency,Iraqi Dinar Currency Shop,https://t.me/s/dinarcurrency,regional_market_channel,3,0,Baghdad|Dubai|Essen|Germany|Iraq|UK,6,100,0.0,,ok,,previous_candidate_registry|source_registry
dolarjavanrod,دلار جوانرود اورامانات اخبار,https://t.me/s/dolarjavanrod,regional_fx_board,10,0,Iran|Iraq|Shiraz|Tehran,4,100,0.0,,ok,,previous_candidate_registry|source_registry
donyajewellery,طلا و جواهر دنيا,https://t.me/s/donyajewellery,regional_fx_board,10,0,Armenia|Dubai|Iraq|Qatar|Turkey|UK,6,100,0.0,,ok,,previous_candidate_registry|source_registry
eddiescodes,EddiesCodes - Stake.us 🇺🇸,https://t.me/s/eddiescodes,unknown,10,0,,0,100,0.0,,ok,,previous_candidate_registry|source_registry
frankfurt_khane,فرانکفورت خانه,https://t.me/s/frankfurt_khane,exchange_shop,1,0,Frankfurt|Germany,2,100,0.0,,ok,,germany_seed|previous_candidate_registry|source_registry
frankfurt_online,فرانکفورت آنلاین,https://t.me/s/frankfurt_online,exchange_shop,1,0,Essen|Frankfurt|Germany|Iran,4,100,0.0,,ok,,germany_seed|previous_candidate_registry|source_registry
hawaladari,حواله پولی حیدریان,https://t.me/s/hawaladari,unknown,4,0,Dubai|Herat|Qatar|Turkey,4,100,0.0,,ok,,germany_seed|previous_candidate_registry|source_registry
helfenassist,هلفن اسیست,https://t.me/s/helfenassist,regional_market_channel,20,0,Germany,1,100,0.0,,ok,,germany_seed|previous_candidate_registry|source_registry
herat_channel2024,هرات افغانستان,https://t.me/s/herat_channel2024,aggregator,1,0,Afghanistan|Herat|Iran|Iraq|Kabul|Tehran,6,100,0.0,,ok,,afghanistan_seed|iran_seed|previous_candidate_registry|source_registry
iranaex,صرافي وخدمات مالی ايرانا,https://t.me/s/iranaex,exchange_shop,2,0,Dubai|Iran|Kerman|Qom,4,100,0.0,,ok,,iran_seed|previous_candidate_registry|source_registry
iranian_uae,ایرانیان امارات,https://t.me/s/iranian_uae,exchange_shop,1,0,Dubai|Iran|London|Qatar|Qom|UK,6,100,0.0,,ok,,source_registry|uae_seed
kabul_dollarrate,کابل ډالر نرخونه,https://t.me/s/kabul_dollarrate,regional_fx_board,3,0,Dubai|Iraq|Jalalabad|Kabul|Turkey|UK,6,100,0.0,,ok,,afghanistan_seed|previous_candidate_registry|source_registry
koln_euro,کلن یورو,https://t.me/s/koln_euro,regional_fx_board,20,0,Cologne|Dusseldorf|Germany,3,100,0.0,,ok,,germany_seed|previous_candidate_registry|source_registry
mazanehnet,مظنه ارز در بازار تهران,https://t.me/s/mazanehnet,regional_market_channel,20,0,Turkey,1,100,0.0,,ok,,iran_seed|previous_candidate_registry|source_registry
munich_euro,مونیخ یورو,https://t.me/s/munich_euro,unknown,19,0,Germany|Munich,2,100,0.0,,ok,,germany_seed|previous_candidate_registry|source_registry
nord_deutschland,کانال nd - شمال آلمان,https://t.me/s/nord_deutschland,unknown,3,0,Dusseldorf|Frankfurt|Germany|Hamburg|Hannover|Iran|Tehran|UK,8,100,0.0,,ok,,germany_seed|previous_candidate_registry|source_registry
persianlondonexchange,Persian London Exchange | صرافی پرشین لندن,https://t.me/s/persianlondonexchange,regional_market_channel,5,0,Iran|London,2,100,0.0,,ok,,previous_candidate_registry|source_registry|uk_seed
poundbazar,پوندبازار,https://t.me/s/poundbazar,exchange_shop,19,0,,0,100,0.0,,ok,,previous_candidate_registry|source_registry|uk_seed
poundlandonline,پوند لند آنلاين 1,https://t.me/s/poundlandonline,regional_fx_board,17,0,Iran|London|UK,3,100,0.0,,ok,,previous_candidate_registry|source_registry|uk_seed
zarscan,زر اسکن | قیمت لحظه ای طلا و دلار,https://t.me/s/zarscan,unknown,20,0,,0,100,0.0,,ok,,iran_seed|previous_candidate_registry|source_registry
armt_community,Armenian Token Official Community,https://t.me/s/armt_community,regional_market_channel,3,0,Armenia|Essen,2,95,0.0,,ok,,previous_candidate_registry|source_registry
bondsupermart,Bondsupermart,https://t.me/s/bondsupermart,regional_market_channel,9,0,Qatar|UK,2,95,0.0,,ok,,previous_candidate_registry|source_registry
euro_bazaar,کانال صرافی آلمان,https://t.me/s/euro_bazaar,regional_market_channel,5,0,Berlin|Cologne|Dusseldorf|Essen|Frankfurt|Germany|Hamburg|Hannover|Iran,9,95,0.0,,ok,,germany_seed|previous_candidate_registry|source_registry
helfenads,هلفن، نيازمندى هاى آلمان,https://t.me/s/helfenads,exchange_shop,2,0,Dortmund|Dusseldorf|Hannover|Iran,4,95,0.0,,ok,,germany_seed|previous_candidate_registry|source_registry
bazar_bargh,بازاربرق,https://t.me/s/bazar_bargh,exchange_shop,5,0,Germany|Kabul|Kerman|Shiraz|Tehran,5,90,0.0,,ok,,previous_candidate_registry|source_registry
beiunsinhamburg,У нас в Гамбурге,https://t.me/s/beiunsinhamburg,regional_fx_board,7,0,Bremen|Essen|Germany|Hamburg|Hannover,5,90,0.0,,ok,,previous_candidate_registry|source_registry
dhsusdt,DHs usdt,https://t.me/s/dhsusdt,unknown,6,0,,0,90,0.0,,ok,,previous_candidate_registry|source_registry
dolarefeham,🔵 خبر دلار فهام 🔴,https://t.me/s/dolarefeham,aggregator,20,0,Sulaymaniyah|Tehran,2,90,0.0,,ok,,iran_seed|previous_candidate_registry|source_registry
betasahm1,بتا سهم,https://t.me/s/betasahm1,regional_market_channel,2,0,Iran|Iraq|Isfahan,3,85,0.0,,ok,,previous_candidate_registry|source_registry
bourse24ir,بورس۲۴ | Bourse24,https://t.me/s/bourse24ir,exchange_shop,5,0,Germany|Iran|Iraq|London|UK,5,85,0.0,,ok,,previous_candidate_registry|source_registry
airdrops_io,AIRDROPS.IO 🚀,https://t.me/s/airdrops_io,exchange_shop,4,0,,0,80,0.0,,ok,,previous_candidate_registry|source_registry
bongahahancom,bongahahan,https://t.me/s/bongahahancom,regional_market_channel,2,0,Tehran,1,80,0.0,,ok,,previous_candidate_registry|source_registry
dolartalaa,💰قیمت لحظه‌ای آبشده💰مع ف 🔔📅 مظنه,https://t.me/s/dolartalaa,regional_fx_board,10,0,Herat|Iran|Sulaymaniyah|Tehran,4,80,0.0,,ok,,previous_candidate_registry|source_registry
ankara_data,مرجع اطلاعات آنکارا (رضوی),https://t.me/s/ankara_data,aggregator,3,0,Ankara|Essen|Iran|Istanbul|Turkey|UK,6,75,0.0,,ok,,previous_candidate_registry|source_registry
azarbaijan_official,کانال سراسری آذربایجان,https://t.me/s/azarbaijan_official,aggregator,2,0,Afghanistan|Armenia|Dubai|Iran|Qatar|Turkey,6,75,0.0,,ok,,previous_candidate_registry|source_registry
azinahanz,آذین آهن زرین,https://t.me/s/azinahanz,regional_market_channel,5,0,Iraq,1,75,0.0,,ok,,previous_candidate_registry|source_registry
denar_online,ارز ساحلی بوکان,https://t.me/s/denar_online,regional_market_channel,1,0,Iraq,1,75,0.0,,ok,,afghanistan_seed|previous_candidate_registry|source_registry
changelly,Changelly,https://t.me/s/changelly,regional_market_channel,4,0,Iran|UK,2,70,0.0,,ok,,previous_candidate_registry|source_registry
arasaircargothr,کانال خبری ارس هوا بار- اخبار حمل و ترخیصaras air cargo,https://t.me/s/arasaircargothr,exchange_shop,1,0,Iran,1,65,0.0,,ok,,previous_candidate_registry|source_registry
azmoonpte,ثبت نام آزمون PTE,https://t.me/s/azmoonpte,regional_fx_board,3,0,Iran|Qom|Turkey,3,65,0.0,,ok,,previous_candidate_registry|source_registry
accountbase,Бесплатные аккаунты steam | Бесплатные аккаунты стим,https://t.me/s/accountbase,regional_market_channel,3,0,Berlin,1,60,0.0,,ok,,previous_candidate_registry|source_registry
almaexchange,حواله یورو | حواله دلار | حواله درهم | حواله لیر| Almaexchange,https://t.me/s/almaexchange,regional_market_channel,7,0,Istanbul|Tehran|Turkey,3,60,0.0,,ok,,germany_seed|previous_candidate_registry|source_registry
arongroupsbroker,Aron Groups,https://t.me/s/arongroupsbroker,exchange_shop,1,0,Dubai|Iran|Mazar,3,60,0.0,,ok,,previous_candidate_registry|source_registry
dolarmashad,مشهد لحظه,https://t.me/s/dolarmashad,exchange_shop,8,0,Baghdad|Iran|Iraq|Mashhad,4,60,0.0,,ok,,previous_candidate_registry|source_registry
akbex,صرافي اکبریان,https://t.me/s/akbex,exchange_shop,3,0,Iran,1,50,0.0,,ok,,previous_candidate_registry|source_registry
alpha123en,Alpha123 Alerts,https://t.me/s/alpha123en,exchange_shop,5,0,UK,1,50,0.0,,ok,,previous_candidate_registry|source_registry
bridgetsituptruebritain,🇬🇧Bridget@SitUpTrueBritain🇬🇧,https://t.me/s/bridgetsituptruebritain,regional_market_channel,4,0,Afghanistan|London|UK,3,50,0.0,,ok,,previous_candidate_registry|source_registry
bushbash_de,Bushbash München Raves,https://t.me/s/bushbash_de,regional_market_channel,2,0,Berlin|Dubai|Essen|Munich|UK,5,50,0.0,,ok,,previous_candidate_registry|source_registry
bvhelp,BourseView.com,https://t.me/s/bvhelp,exchange_shop,1,0,Qom|Rasht,2,50,0.0,,ok,,previous_candidate_registry|source_registry
daily_gold_signals,Gold Signals VIP (XAUUSD FOREX),https://t.me/s/daily_gold_signals,exchange_shop,7,0,London,1,50,0.0,,ok,,previous_candidate_registry|source_registry
dovizkurlari,Döviz Kurları,https://t.me/s/dovizkurlari,unknown,20,0,,0,50,0.0,,ok,,previous_candidate_registry|source_registry
blueberrymarketsofficial,Blueberry,https://t.me/s/blueberrymarketsofficial,regional_market_channel,4,0,UK,1,45,0.0,,ok,,previous_candidate_registry|source_registry
bazaredolarakalaslimany,$$بازاری دۆلارەکە لەسلێمانی$$,https://t.me/s/bazaredolarakalaslimany,regional_market_channel,4,0,Erbil,1,40,0.0,,ok,,previous_candidate_registry|source_registry
chaperoyan,چاپ رویان,https://t.me/s/chaperoyan,exchange_shop,1,0,Dubai|Herat|Tehran|UK,4,40,0.0,,ok,,previous_candidate_registry|source_registry
doviz_izmir,💸صرافی پاسارگاد,https://t.me/s/doviz_izmir,regional_market_channel,4,0,Iran|Izmir|Turkey,3,40,0.0,,ok,,previous_candidate_registry|source_registry
dubaidream1,DUBAI DREAM,https://t.me/s/dubaidream1,exchange_shop,1,0,Dubai|London|Turkey,3,40,0.0,,ok,,previous_candidate_registry|source_registry
akhbarefori,خبرفوری,https://t.me/s/akhbarefori,aggregator,1,0,Iran|Manchester|Qom|UK,4,35,0.0,,ok,,source_registry
amirtsarfatiofficial,Amir Tsarfati,https://t.me/s/amirtsarfatiofficial,regional_market_channel,4,0,Essen|Iran|Tehran|UK,4,35,0.0,,ok,,previous_candidate_registry|source_registry
bazaarupdate,Bazaar.Update📊,https://t.me/s/bazaarupdate,regional_market_channel,1,0,Rasht|UK,2,35,0.0,,ok,,previous_candidate_registry|source_registry
ankaracity,📡 Chain Voice,https://t.me/s/ankaracity,exchange_shop,3,0,,0,30,0.0,,ok,,previous_candidate_registry|source_registry
apk_inform,APK-Inform,https://t.me/s/apk_inform,exchange_shop,1,0,UK,1,30,0.0,,ok,,previous_candidate_registry|source_registry
arya_fx,Arya Forex,https://t.me/s/arya_fx,unknown,10,0,,0,30,0.0,,ok,,previous_candidate_registry|source_registry
beatads,Битмейкерская ADS,https://t.me/s/beatads,unknown,3,0,,0,30,0.0,,ok,,previous_candidate_registry|source_registry
borsa,Borsa ve Kripto | Haber • Ekonomi • Finans,https://t.me/s/borsa,regional_fx_board,2,0,Manchester|Turkey|UK,3,30,0.0,,ok,,previous_candidate_registry|source_registry
danijelsheran,Danijel_Sheran17 ✨,https://t.me/s/danijelsheran,aggregator,1,0,Berlin|Germany|Iran|Manchester|UK,5,30,0.0,,ok,,source_registry
cptmarketsasiaaa,CPT Markets Asia,https://t.me/s/cptmarketsasiaaa,regional_market_channel,1,0,London|UK,2,25,0.0,,ok,,previous_candidate_registry|source_registry
csn_marketplace,Clearsky Network Marketplace,https://t.me/s/csn_marketplace,exchange_shop,2,0,Germany|Iraq|Turkey|UK,4,25,0.0,,ok,,previous_candidate_registry|source_registry
diwan_marburg,Diwan Marburg,https://t.me/s/diwan_marburg,regional_market_channel,2,0,Berlin|Essen|Germany|Iran|UK,5,25,0.0,,ok,,previous_candidate_registry|source_registry
dpuranus,موسسه اعزام دانشجو اورانوس,https://t.me/s/dpuranus,exchange_shop,1,0,Cologne|Germany|Istanbul|Rasht|Shiraz|Tehran|Turkey,7,25,0.0,,ok,,previous_candidate_registry|source_registry
bestchange,BestChange — exchanger directory,https://t.me/s/bestchange,exchange_shop,2,0,,0,20,0.0,,ok,,previous_candidate_registry|source_registry
canadalivetv,Canadalive,https://t.me/s/canadalivetv,exchange_shop,1,0,Mazar|Qom,2,20,0.0,,ok,,previous_candidate_registry|source_registry
cnbc_tv18,CNBCTV18.com,https://t.me/s/cnbc_tv18,aggregator,4,0,,0,20,0.0,,ok,,previous_candidate_registry|source_registry
dadihonline,شبكة داديه اون لاين للتحويلات المالية,https://t.me/s/dadihonline,regional_market_channel,4,0,Qom,1,20,0.0,,ok,,previous_candidate_registry|source_registry
dollar_sulaymaniyah,قیمت لحظه ای دلار سلیمانیه,https://t.me/s/dollar_sulaymaniyah,aggregator,10,0,,0,20,0.0,,ok,,existing_registry|previous_candidate_registry|source_registry
dollarsst,قیمت لحظه ای دلار تهران,https://t.me/s/dollarsst,regional_market_channel,15,0,Herat|Tehran,2,20,0.0,,ok,,iran_seed|previous_candidate_registry|source_registry
bitchbotboiilive,Veikko aka Son Go Q,https://t.me/s/bitchbotboiilive,unknown,2,0,Berlin|Germany|Iran,3,15,0.0,,ok,,source_registry
captkylepatriots,CaptKyle Patriots Ⓡ 🍊,https://t.me/s/captkylepatriots,aggregator,1,0,Essen|Iran|Tehran,3,15,0.0,,ok,,source_registry
davebrych_public,Dave Brych Kanal,https://t.me/s/davebrych_public,aggregator,2,0,Berlin|Germany|UK,3,15,0.0,,ok,,previous_candidate_registry|source_registry
economicprivategroup,گروه اختصاصي اكونوميك,https://t.me/s/economicprivategroup,unknown,18,0,,0,15,0.0,,ok,,previous_candidate_registry|source_registry
afghanistan,AFGHANISTAN,https://t.me/s/afghanistan,exchange_shop,1,0,Afghanistan,1,10,0.0,,ok,,previous_candidate_registry|source_registry
ankaracapital,🇹🇷کانال نیازمندیهای آنکارا🇹🇷,https://t.me/s/ankaracapital,exchange_shop,1,0,Ankara,1,10,0.0,,ok,,previous_candidate_registry|source_registry
baghdad,BAGHDAD,https://t.me/s/baghdad,exchange_shop,1,0,Baghdad,1,10,0.0,,ok,,previous_candidate_registry|source_registry
bitcoinchannel,Bitcoin channel,https://t.me/s/bitcoinchannel,aggregator,4,0,,0,10,0.0,,ok,,previous_candidate_registry|source_registry
c2mood,C2,https://t.me/s/c2mood,unknown,2,0,,0,10,0.0,,ok,,previous_candidate_registry|source_registry
nrxidolar,💰نرخی دولار nrxi dolar💰,https://t.me/s/nrxidolar,unknown,2,0,Erbil,1,10,0.0,,ok,,iran_seed|previous_candidate_registry|source_registry
albarqexpress,شركة البرق للصرافة والتحويلات المالية,https://t.me/s/albarqexpress,unknown,3,0,Qom,1,0,0.0,,ok,,previous_candidate_registry|source_registry
annajmplus2023,النجم للحوالات المالية,https://t.me/s/annajmplus2023,unknown,4,0,Qom,1,0,0.0,,ok,,previous_candidate_registry|source_registry
axios4b,AXIOS | 4B,https://t.me/s/axios4b,unknown,2,0,Iraq,1,0,0.0,,ok,,source_registry
betfidomi,کانال رسمی betfido,https://t.me/s/betfidomi,unknown,20,0,Iran,1,0,0.0,,ok,,previous_candidate_registry|source_registry
dinarevaluation,DINAR REVALUATION,https://t.me/s/dinarevaluation,exchange_shop,1,0,Iraq|UK,2,0,0.0,,ok,,previous_candidate_registry|source_registry
dubaiheadline,Dubai news,https://t.me/s/dubaiheadline,exchange_shop,1,0,Dubai,1,0,0.0,,ok,,previous_candidate_registry|source_registry
eb_official,European Brotherhood,https://t.me/s/eb_official,unknown,1,0,,0,0,0.0,,ok,,previous_candidate_registry|source_registry
sarafijavadix,صرافی جوادی | Sarafi Javadi,https://t.me/s/sarafijavadix,exchange_shop,18,0,,0,0,0.0,,ok,,previous_candidate_registry|source_registry|uae_seed
