business_name,surface_type,surface_url,currency,quote_basis,buy_quote,sell_quote,midpoint,normalized_irr_value,inferred_unit,timestamp_iso,freshness_status,parseability_score,quote_type_guess,remittance_quote_detected,message_text_sample
قیمت درهم امارات امروز دوشنبه 6 مهر 1405| نرخ خرید و فروش درهم به تومان,rate_page,https://ezdex.net/fiat/price/AED/ar,AED,midpoint,18155,44156,31155.50,311555.00,toman,2026-09-28T14:22:51.994Z,fresh,98,direct,False,"try{var n=navigator;if(/(?:^|; )ezdex_consent=/.test(document.cookie)||n.globalPrivacyControl===true||n.doNotTrack==='1')document.documentElement.setAttribute('data-ezc','1')}catch(e){} [data-ezc] #ez-cookie{display:none!important} @layer p..."
قیمت درهم امارات امروز دوشنبه 6 مهر 1405| نرخ خرید و فروش درهم به تومان,rate_page,https://ezdex.net/fiat/price/AED,AED,midpoint,262276,262276,262276.00,262276.00,rial,2026-09-28T12:15:26.775Z,fresh,98,direct,False,""";inherits:false;initial-value:100%}@property --tw-inset-shadow{syntax:""*"";inherits:false;initial-value:0 0 #0000}@property --tw-inset-shadow-color{syntax:""*"";inherits:false}@property --tw-inset-shadow-alpha{syntax:"" "";inherits:false;initia..."
تبدیل درهم به تومان لحظه‌ای,rate_page,https://emeraldxe.com/service/%D8%AD%D9%88%D8%A7%D9%84%D9%87-%D8%AC%D8%A7%D8%AA-%D8%A7%D8%B1%D8%B2%DB%8C-%D8%A8%D9%87-%D8%A7%D8%B1%D9%88%D9%BE%D8%A7,USD,midpoint,283260,10050,146655.00,1466550.00,toman,2026-09-28T12:00:00Z,fresh,97,direct,True,خدمات بانکی کردیت کارت کردیت کارت امارات کردیت کارت تاجیکستان کردیت کارت آذربایجان شارژ مستر کارت و ویزا کارت حواله جات بانکی انتقال پول ازروسیه به ایران حواله به اروپا حواله یوان چین انتقال پول ازترکیه به ایران انتقال پول به ایران انتقال پ...
قیمت درهم امارات امروز دوشنبه 6 مهر 1405| نرخ خرید و فروش درهم به تومان,rate_page,https://ezdex.net/,AED,midpoint,262276,262276,262276.00,262276.00,rial,2026-09-28T14:22:50Z,fresh,96,direct,False,""";inherits:false;initial-value:100%}@property --tw-inset-shadow{syntax:""*"";inherits:false;initial-value:0 0 #0000}@property --tw-inset-shadow-color{syntax:""*"";inherits:false}@property --tw-inset-shadow-alpha{syntax:"" "";inherits:false;initia..."
قیمت درهم امارات امروز دوشنبه 6 مهر 1405| نرخ خرید و فروش درهم به تومان,website,https://ezdex.net/fiat/price/AED/fa,USD,buy,66572,,,665720.00,toman,2026-09-28T14:22:02.510Z,fresh,90,direct,False,"قیمت قیمت درهم امارات امروز؛ نرخ لحظه‌ای درهم به تومان برای خرید هر درهم 66,572 تومان می‌پردازید و هر درهم را به قیمت 66,306 تومان نقد می‌کنید. این دو عدد میانگین قیمت پیشنهادی تأمین‌کننده‌های فعال روی ایزی‌دکس است، نرخی که می‌توانید همین ح..."
قیمت درهم امارات امروز دوشنبه 6 مهر 1405| نرخ خرید و فروش درهم به تومان,website,https://ezdex.net/fiat/price/AED/fa,USD,sell,,66306,,663060.00,toman,2026-09-28T14:22:02.510Z,fresh,82,direct,False,"66,306 نرخی که با فروش به ایزی‌دکس دریافت می‌کنید. اختلاف قیمت خرید و فروش، حاشیه سود صرافی است. هرچه بازار پرنوسان‌تر یا مبلغ سفارش خردتر باشد، این فاصله بیشتر می‌شود و هرچه بازار آرام‌تر باشد، این فاصله کمتر می‌شود. یکی از نشانه‌های مناسب..."
حواله درهم دبی امارات,rate_page,https://ir-europe.com/,USD,inferred,,,,1726000.00,toman,2026-09-28T05:53:00Z,fresh,77,direct,True,"قیمت حواله یورو نرخ حواله EUR (278,150 تومان) قیمت حواله دلار کانادا نرخ حواله CAD (172,600 تومان) قیمت حواله پوند"
حواله درهم دبی امارات,rate_page,https://ir-europe.com/,USD,inferred,,,,1726000.00,toman,2026-09-28T05:53:00Z,fresh,77,direct,True,"قیمت حواله دلار کانادا نرخ حواله CAD (172,600 تومان) قیمت حواله پوند نرخ حواله GBP (324,250 تومان) قیمت حواله دلار استرالیا"
حواله درهم دبی امارات,rate_page,https://ir-europe.com/,USD,inferred,,,,1716500.00,toman,2026-09-28T05:53:00Z,fresh,77,direct,True,"قیمت حواله پوند نرخ حواله GBP (324,250 تومان) قیمت حواله دلار استرالیا نرخ حواله AUD (171,650 تومان) قیمت حواله یوان چین"
حواله درهم دبی امارات,rate_page,https://ir-europe.com/,USD,inferred,,,,1716500.00,toman,2026-09-28T05:53:00Z,fresh,77,direct,True,"قیمت حواله دلار استرالیا نرخ حواله AUD (171,650 تومان) قیمت حواله یوان چین نرخ حواله CNY (36,450 تومان) قیمت حواله لیر ترکیه"
صرافی ایرانی در دبی، نرخ لحظه ای درهم طلا و نقره، های امارات,rate_page,https://hiemarat.com/fiat-currency,USD,midpoint,63000,66000,64500.00,2605400.00,toman,۱۴۰۳-۰۲-۰۶\۲۲:۲۰:۰۳,stale,75,direct,False,"AED فروش درهم در دبی AED 66,000 تومان ↑ +2.80% Price trend for نرخ فروش درهم AED خرید درهم در دبی AED 63,000 تومان ↑ +2.94% Price trend for نرخ خرید درهم USD دلار آمریکا USD 243,800 تومان ↑ +3.53% Price trend for دلار آمریکا EUR یورو EUR 27..."
تبدیل درهم به تومان لحظه‌ای,website,https://emeraldxe.com/service/%D8%AD%D9%88%D8%A7%D9%84%D9%87-%D8%AF%D8%B1%D9%87%D9%85,AED,single_value,,,67130.00,671300.00,toman,2026-09-28T12:00:00Z,fresh,74,direct,True,خدمات بانکی کردیت کارت کردیت کارت امارات کردیت کارت تاجیکستان کردیت کارت آذربایجان شارژ مستر کارت و ویزا کارت حواله جات بانکی انتقال پول ازروسیه به ایران حواله به اروپا حواله یوان چین انتقال پول ازترکیه به ایران انتقال پول به ایران انتقال پ...
تبدیل درهم به تومان لحظه‌ای,website,https://emeraldxe.com/service/%D8%AD%D9%88%D8%A7%D9%84%D9%87-%D8%AF%D8%B1%D9%87%D9%85,AED,single_value,,,67130.00,671300.00,toman,2026-09-28T12:00:00Z,fresh,74,direct,False,"نرخ تبدیل درهم به تومان نرخ تبدیل درهم به تومان در حال حاضر 67130 تومان آخرین تغییرات 2,480 آخرین بروزرسانی : دوشنبه, 06 مهر"
حواله درهم دبی امارات,rate_page,https://ir-europe.com/aed-to-uae,AED,single_value,,,66600.00,666000.00,toman,2026-09-23T15:39:32+00:00,fresh,74,direct,True,"حواله درهم امارات، قیمت حواله درهم قیمت حواله دلار آمریکا امروز 66,600 تومان صرافی حواله ارزی آنلاین ایران اروپا برای حواله درهم همیشه ارسال حواله به امارات یکی از نیازهای اصلی ایرانیان در حوزه تجارت، مهاجرت و حمایت مالی از عزیزان است. با خ..."
حواله درهم دبی امارات,rate_page,https://ir-europe.com/aed-to-uae,AED,single_value,,,66600.00,666000.00,toman,2026-09-23T15:39:32+00:00,fresh,74,direct,True,چه به دنبال ارسال حواله بانکی به امارات باشید و چه تحویل نقدی اسکناس (دلار/درهم) در دبی، ایران اروپا تضمین می‌کند که حواله شما در کوتاه‌ترین زمان، با حداقل کارمزد و ارائه رسید رسمی بانکی به ذینفع تحویل داده شود. حواله درهم الان چند است؟ حوا...
حواله درهم دبی امارات,rate_page,https://ir-europe.com/aed-to-uae,AED,single_value,,,25000.00,250000.00,toman,2026-09-23T15:39:32+00:00,fresh,74,direct,True,تأسیس‌شده در سال 1967، از قدیمی‌ترین بانک‌های امارات متحده عربی است. بانک مشرق با ارائه خدمات نوآورانه در حوزه بانکداری دیجیتال و راه‌حل‌های مالی برای مشتریان شخصی و شرکتی (تجارت بین‌المللی و سرمایه‌گذاری)، نقش برجسته‌ای در بازارهای داخلی و...
حواله درهم دبی امارات,rate_page,https://ir-europe.com/aed-to-uae,AED,single_value,,,25000.00,250000.00,toman,2026-09-23T15:39:32+00:00,fresh,74,direct,True,"تعرفه و نرخ ارسال حواله درهم (AED) ارسال حواله ""از 1,000 درهم تا 5,000 درهم"" یا معادل آن 50 درهم ارسال حواله ""از 5,000 درهم تا 10,000 درهم"" یا معادل آن 75 درهم ارسال حواله ""از 10,000 درهم تا 25,000 درهم"" یا معادل آن 100 درهم"
حواله درهم دبی امارات,rate_page,https://ir-europe.com/aed-to-uae,AED,single_value,,,50000.00,500000.00,toman,2026-09-23T15:39:32+00:00,fresh,74,direct,True,"ارسال حواله ""از 1,000 درهم تا 5,000 درهم"" یا معادل آن 50 درهم ارسال حواله ""از 5,000 درهم تا 10,000 درهم"" یا معادل آن 75 درهم ارسال حواله ""از 10,000 درهم تا 25,000 درهم"" یا معادل آن 100 درهم ارسال حواله ""از 25,000 درهم تا 50,000 درهم"" یا معا..."
حواله درهم دبی امارات,rate_page,https://ir-europe.com/aed-to-uae,AED,single_value,,,25000.00,250000.00,toman,2026-09-23T15:39:32+00:00,fresh,74,direct,True,"ارسال حواله ""از 1,000 درهم تا 5,000 درهم"" یا معادل آن 50 درهم ارسال حواله ""از 5,000 درهم تا 10,000 درهم"" یا معادل آن 75 درهم ارسال حواله ""از 10,000 درهم تا 25,000 درهم"" یا معادل آن 100 درهم ارسال حواله ""از 25,000 درهم تا 50,000 درهم"" یا معا..."
حواله درهم دبی امارات,rate_page,https://ir-europe.com/aed-to-uae,AED,single_value,,,25000.00,250000.00,toman,2026-09-23T15:39:32+00:00,fresh,74,direct,True,"50 درهم ارسال حواله ""از 5,000 درهم تا 10,000 درهم"" یا معادل آن 75 درهم ارسال حواله ""از 10,000 درهم تا 25,000 درهم"" یا معادل آن 100 درهم ارسال حواله ""از 25,000 درهم تا 50,000 درهم"" یا معادل آن 150 درهم"
حواله درهم دبی امارات,website,https://ir-europe.com/%D8%AF%D8%B1%D9%87%D9%85-%D8%AD%D9%88%D8%A7%D9%84%D9%87-%D8%A8%D9%87-%D8%A7%D9%85%D8%A7%D8%B1%D8%A7%D8%AA,AED,single_value,,,66600.00,666000.00,toman,2026-09-23T15:39:32+00:00,fresh,74,direct,True,"حواله درهم امارات، قیمت حواله درهم قیمت حواله دلار آمریکا امروز 66,600 تومان صرافی حواله ارزی آنلاین ایران اروپا برای حواله درهم همیشه ارسال حواله به امارات یکی از نیازهای اصلی ایرانیان در حوزه تجارت، مهاجرت و حمایت مالی از عزیزان است. با خ..."
حواله درهم دبی امارات,website,https://ir-europe.com/%D8%AF%D8%B1%D9%87%D9%85-%D8%AD%D9%88%D8%A7%D9%84%D9%87-%D8%A8%D9%87-%D8%A7%D9%85%D8%A7%D8%B1%D8%A7%D8%AA,AED,single_value,,,66600.00,666000.00,toman,2026-09-23T15:39:32+00:00,fresh,74,direct,True,چه به دنبال ارسال حواله بانکی به امارات باشید و چه تحویل نقدی اسکناس (دلار/درهم) در دبی، ایران اروپا تضمین می‌کند که حواله شما در کوتاه‌ترین زمان، با حداقل کارمزد و ارائه رسید رسمی بانکی به ذینفع تحویل داده شود. حواله درهم الان چند است؟ حوا...
حواله درهم دبی امارات,website,https://ir-europe.com/%D8%AF%D8%B1%D9%87%D9%85-%D8%AD%D9%88%D8%A7%D9%84%D9%87-%D8%A8%D9%87-%D8%A7%D9%85%D8%A7%D8%B1%D8%A7%D8%AA,AED,single_value,,,25000.00,250000.00,toman,2026-09-23T15:39:32+00:00,fresh,74,direct,True,تأسیس‌شده در سال 1967، از قدیمی‌ترین بانک‌های امارات متحده عربی است. بانک مشرق با ارائه خدمات نوآورانه در حوزه بانکداری دیجیتال و راه‌حل‌های مالی برای مشتریان شخصی و شرکتی (تجارت بین‌المللی و سرمایه‌گذاری)، نقش برجسته‌ای در بازارهای داخلی و...
حواله درهم دبی امارات,website,https://ir-europe.com/%D8%AF%D8%B1%D9%87%D9%85-%D8%AD%D9%88%D8%A7%D9%84%D9%87-%D8%A8%D9%87-%D8%A7%D9%85%D8%A7%D8%B1%D8%A7%D8%AA,AED,single_value,,,25000.00,250000.00,toman,2026-09-23T15:39:32+00:00,fresh,74,direct,True,"تعرفه و نرخ ارسال حواله درهم (AED) ارسال حواله ""از 1,000 درهم تا 5,000 درهم"" یا معادل آن 50 درهم ارسال حواله ""از 5,000 درهم تا 10,000 درهم"" یا معادل آن 75 درهم ارسال حواله ""از 10,000 درهم تا 25,000 درهم"" یا معادل آن 100 درهم"
حواله درهم دبی امارات,website,https://ir-europe.com/%D8%AF%D8%B1%D9%87%D9%85-%D8%AD%D9%88%D8%A7%D9%84%D9%87-%D8%A8%D9%87-%D8%A7%D9%85%D8%A7%D8%B1%D8%A7%D8%AA,AED,single_value,,,50000.00,500000.00,toman,2026-09-23T15:39:32+00:00,fresh,74,direct,True,"ارسال حواله ""از 1,000 درهم تا 5,000 درهم"" یا معادل آن 50 درهم ارسال حواله ""از 5,000 درهم تا 10,000 درهم"" یا معادل آن 75 درهم ارسال حواله ""از 10,000 درهم تا 25,000 درهم"" یا معادل آن 100 درهم ارسال حواله ""از 25,000 درهم تا 50,000 درهم"" یا معا..."
حواله درهم دبی امارات,website,https://ir-europe.com/%D8%AF%D8%B1%D9%87%D9%85-%D8%AD%D9%88%D8%A7%D9%84%D9%87-%D8%A8%D9%87-%D8%A7%D9%85%D8%A7%D8%B1%D8%A7%D8%AA,AED,single_value,,,25000.00,250000.00,toman,2026-09-23T15:39:32+00:00,fresh,74,direct,True,"ارسال حواله ""از 1,000 درهم تا 5,000 درهم"" یا معادل آن 50 درهم ارسال حواله ""از 5,000 درهم تا 10,000 درهم"" یا معادل آن 75 درهم ارسال حواله ""از 10,000 درهم تا 25,000 درهم"" یا معادل آن 100 درهم ارسال حواله ""از 25,000 درهم تا 50,000 درهم"" یا معا..."
حواله درهم دبی امارات,website,https://ir-europe.com/%D8%AF%D8%B1%D9%87%D9%85-%D8%AD%D9%88%D8%A7%D9%84%D9%87-%D8%A8%D9%87-%D8%A7%D9%85%D8%A7%D8%B1%D8%A7%D8%AA,AED,single_value,,,25000.00,250000.00,toman,2026-09-23T15:39:32+00:00,fresh,74,direct,True,"50 درهم ارسال حواله ""از 5,000 درهم تا 10,000 درهم"" یا معادل آن 75 درهم ارسال حواله ""از 10,000 درهم تا 25,000 درهم"" یا معادل آن 100 درهم ارسال حواله ""از 25,000 درهم تا 50,000 درهم"" یا معادل آن 150 درهم"
صرافی ایرانی در دبی، نرخ لحظه ای درهم طلا و نقره، های امارات,rate_page,https://hiemarat.com/fiat-currency,AED,single_value,,,67020.00,670200.00,toman,۱۴۰۳-۰۲-۰۶\۲۲:۲۰:۰۳,stale,74,direct,True,"نرخ ارزهای فیات قیمت لحظه‌ای ارزهای جهان به تومان AED درهم در ایران AED 67,020 تومان ↑ +3.54% Price trend for درهم امارات"
صرافی ایرانی در دبی، نرخ لحظه ای درهم طلا و نقره، های امارات,rate_page,https://hiemarat.com/fiat-currency,AED,single_value,,,243800.00,243800.00,rial,۱۴۰۳-۰۲-۰۶\۲۲:۲۰:۰۳,stale,74,direct,True,"AED فروش درهم در دبی AED 66,000 تومان ↑ +2.80% Price trend for نرخ فروش درهم AED خرید درهم در دبی AED 63,000 تومان ↑ +2.94% Price trend for نرخ خرید درهم USD دلار آمریکا USD 243,800 تومان ↑ +3.53% Price trend for دلار آمریکا EUR یورو EUR 27..."
صرافی ایرانی در دبی، نرخ لحظه ای درهم طلا و نقره، های امارات,rate_page,https://hiemarat.com/fiat-currency,AED,single_value,,,323230.00,323230.00,rial,۱۴۰۳-۰۲-۰۶\۲۲:۲۰:۰۳,stale,74,direct,True,"AED فروش درهم در دبی AED 66,000 تومان ↑ +2.80% Price trend for نرخ فروش درهم AED خرید درهم در دبی AED 63,000 تومان ↑ +2.94% Price trend for نرخ خرید درهم USD دلار آمریکا USD 243,800 تومان ↑ +3.53% Price trend for دلار آمریکا EUR یورو EUR 27..."
صرافی ایرانی در دبی، نرخ لحظه ای درهم طلا و نقره، های امارات,rate_page,https://hiemarat.com/fiat-currency,AED,single_value,,,66000.00,660000.00,toman,۱۴۰۳-۰۲-۰۶\۲۲:۲۰:۰۳,stale,74,direct,False,"AED فروش درهم در دبی AED 66,000 تومان ↑ +2.80% Price trend for نرخ فروش درهم"
صرافی ایرانی در دبی، نرخ لحظه ای درهم طلا و نقره، های امارات,rate_page,https://hiemarat.com/fiat-currency,AED,single_value,,,63000.00,630000.00,toman,۱۴۰۳-۰۲-۰۶\۲۲:۲۰:۰۳,stale,74,direct,False,"AED خرید درهم در دبی AED 63,000 تومان ↑ +2.94% Price trend for نرخ خرید درهم"
صرافی ایرانی در دبی، نرخ لحظه ای درهم طلا و نقره، های امارات,rate_page,https://hiemarat.com/fiat-currency,AED,single_value,,,67020.00,670200.00,toman,۱۴۰۳-۰۲-۰۶\۲۲:۲۰:۰۳,stale,74,direct,True,"AED درهم در ایران 67,020 تومان ↑ +3.54% فروش درهم در دبی 66,000 تومان ↑ +2.80%"
صرافی ایرانی در دبی، نرخ لحظه ای درهم طلا و نقره، های امارات,rate_page,https://hiemarat.com/fiat-currency,AED,single_value,,,66000.00,660000.00,toman,۱۴۰۳-۰۲-۰۶\۲۲:۲۰:۰۳,stale,74,direct,True,"AED درهم در ایران 67,020 تومان ↑ +3.54% فروش درهم در دبی 66,000 تومان ↑ +2.80%"
صرافی ایرانی در دبی، نرخ لحظه ای درهم طلا و نقره، های امارات,rate_page,https://hiemarat.com/fiat-currency,AED,single_value,,,66000.00,660000.00,toman,۱۴۰۳-۰۲-۰۶\۲۲:۲۰:۰۳,stale,74,direct,False,"↑ +3.54% فروش درهم در دبی 66,000 تومان ↑ +2.80% خرید درهم در دبی 63,000 تومان ↑ +2.94%"
صرافی ایرانی در دبی، نرخ لحظه ای درهم طلا و نقره، های امارات,website,https://hiemarat.com/,AED,single_value,,,66000.00,660000.00,toman,2026-09-28T12:00:00Z,fresh,74,direct,True,های امارات مرجع نرخ لحظه ای درهم، طلا و نقره در دبی به‌روزترین نرخ‌ها، تحلیل‌ها و خدمات مالی مطمئن برای ایرانیان مقیم و فعال در امارات متحده عربی. نرخ درهم، طلا و نقره دبی مشاهده نرخ ارز خدمات ما نرخ درهم امارات 6 مهر 1405 • 28 Sep 2026 • ز...
صرافی ایرانی در دبی، نرخ لحظه ای درهم طلا و نقره، های امارات,website,https://hiemarat.com/,AED,single_value,,,66850.00,668500.00,toman,2026-09-28T12:00:00Z,fresh,74,direct,True,های امارات مرجع نرخ لحظه ای درهم، طلا و نقره در دبی به‌روزترین نرخ‌ها، تحلیل‌ها و خدمات مالی مطمئن برای ایرانیان مقیم و فعال در امارات متحده عربی. نرخ درهم، طلا و نقره دبی مشاهده نرخ ارز خدمات ما نرخ درهم امارات 6 مهر 1405 • 28 Sep 2026 • ز...
صرافی ایرانی در دبی، نرخ لحظه ای درهم طلا و نقره، های امارات,website,https://hiemarat.com/,AED,single_value,,,66850.00,668500.00,toman,2026-09-28T12:00:00Z,fresh,74,direct,True,"آخرین به‌روزرسانی: امروز، 11:48 درهم در ایران 66,850 تومان ↑ +2,200 (+3.29%) Price trend for درهم امارات آخرین به‌روزرسانی: امروز، 16:40 نرخ ارز قیمت لحظه‌ای بازار ایران و دبی"
صرافی ایرانی در دبی، نرخ لحظه ای درهم طلا و نقره، های امارات,website,https://hiemarat.com/,AED,single_value,,,55000.00,550000.00,toman,2026-09-28T12:00:00Z,fresh,74,direct,False,"نیسان پاترول 2026 220,000 درهم Toyota تویوتا لندکروز 355,000 درهم Lexus"
صرافی ایرانی در دبی، نرخ لحظه ای درهم طلا و نقره، های امارات,website,https://hiemarat.com/,AED,single_value,,,18999.00,189990.00,toman,2026-09-28T12:00:00Z,fresh,74,direct,False,"Toyota تویوتا لندکروز 355,000 درهم Lexus لکسوس LX700h 718,999 درهم تویوتا کمری"
صرافی ایرانی در دبی، نرخ لحظه ای درهم طلا و نقره، های امارات,website,https://hiemarat.com/,AED,single_value,,,67000.00,670000.00,toman,2026-09-28T12:00:00Z,fresh,74,direct,False,"Lexus لکسوس LX700h 718,999 درهم تویوتا کمری 106,000 درهم تویوتا کرولا 67,000 درهم"
صرافی ایرانی در دبی، نرخ لحظه ای درهم طلا و نقره، های امارات,website,https://hiemarat.com/,AED,single_value,,,67000.00,670000.00,toman,2026-09-28T12:00:00Z,fresh,74,direct,False,"718,999 درهم تویوتا کمری 106,000 درهم تویوتا کرولا 67,000 درهم Mercedes-Benz مرسدس بنز کلاس G"
قیمت درهم امارات امروز دوشنبه 6 مهر 1405| نرخ خرید و فروش درهم به تومان,website,https://ezdex.net/fiat/price/AED/fa,AED,single_value,,,66572.00,665720.00,toman,2026-09-28T14:22:02.510Z,fresh,74,direct,False,"دریافت میکنید تومان قیمت هر واحد = 1 درهم = 66,572 تومان نرخ نمایش‌داده‌شده میانگین پیشنهاد تأمین‌کننده‌های فعال برای فروش درهم و دریافت تومان است. خرید نرخ خرید و فروش قیمت خرید 66,572 تومان نرخی که برای خرید می‌پردازید."
قیمت درهم امارات امروز دوشنبه 6 مهر 1405| نرخ خرید و فروش درهم به تومان,website,https://ezdex.net/fiat/price/AED/fa,AED,single_value,,,66572.00,665720.00,toman,2026-09-28T14:22:02.510Z,fresh,74,direct,False,"قیمت قیمت درهم امارات امروز؛ نرخ لحظه‌ای درهم به تومان برای خرید هر درهم 66,572 تومان می‌پردازید و هر درهم را به قیمت 66,306 تومان نقد می‌کنید. این دو عدد میانگین قیمت پیشنهادی تأمین‌کننده‌های فعال روی ایزی‌دکس است، نرخی که می‌توانید همین ح..."
قیمت درهم امارات امروز دوشنبه 6 مهر 1405| نرخ خرید و فروش درهم به تومان,website,https://ezdex.net/fiat/price/AED/fa,AED,single_value,,,66306.00,663060.00,toman,2026-09-28T14:22:02.510Z,fresh,74,direct,False,"قیمت قیمت درهم امارات امروز؛ نرخ لحظه‌ای درهم به تومان برای خرید هر درهم 66,572 تومان می‌پردازید و هر درهم را به قیمت 66,306 تومان نقد می‌کنید. این دو عدد میانگین قیمت پیشنهادی تأمین‌کننده‌های فعال روی ایزی‌دکس است، نرخی که می‌توانید همین ح..."
قیمت درهم امارات امروز دوشنبه 6 مهر 1405| نرخ خرید و فروش درهم به تومان,website,https://ezdex.net/fiat/price/AED/fa,AED,single_value,,,66572.00,665720.00,toman,2026-09-28T14:22:02.510Z,fresh,74,direct,False,"پرداخت میکنید درهم دریافت میکنید تومان قیمت هر واحد = 1 درهم = 66,572 تومان نرخ نمایش‌داده‌شده میانگین پیشنهاد تأمین‌کننده‌های فعال برای فروش درهم و دریافت تومان است. خرید نرخ خرید و فروش قیمت خرید"
قیمت درهم امارات امروز دوشنبه 6 مهر 1405| نرخ خرید و فروش درهم به تومان,website,https://ezdex.net/fiat/price/AED/fa,AED,single_value,,,66439.00,664390.00,toman,2026-09-28T14:22:02.510Z,fresh,74,direct,False,درهم (AED) → تومان (IRT) درهم(AED) تومان(IRT) 1 درهم 66439 تومان 5 درهم 332196 تومان 10 درهم
قیمت درهم امارات امروز دوشنبه 6 مهر 1405| نرخ خرید و فروش درهم به تومان,website,https://ezdex.net/fiat/price/AED/fa,AED,single_value,,,66439.00,664390.00,toman,2026-09-28T14:22:02.510Z,fresh,74,direct,False,تومان(IRT) 1 درهم 66439 تومان 5 درهم 332196 تومان 10 درهم 664391 تومان
قیمت درهم امارات امروز دوشنبه 6 مهر 1405| نرخ خرید و فروش درهم به تومان,website,https://ezdex.net/fiat/price/AED/fa,AED,single_value,,,66439.00,664390.00,toman,2026-09-28T14:22:02.510Z,fresh,74,direct,False,1 درهم 66439 تومان 5 درهم 332196 تومان 10 درهم 664391 تومان 25 درهم
قیمت درهم امارات امروز دوشنبه 6 مهر 1405| نرخ خرید و فروش درهم به تومان,website,https://ezdex.net/fiat/price/AED/fa,AED,single_value,,,66439.00,664390.00,toman,2026-09-28T14:22:02.510Z,fresh,74,direct,False,66439 تومان 5 درهم 332196 تومان 10 درهم 664391 تومان 25 درهم 1660978 تومان
قیمت درهم امارات,rate_page,https://tomanxe.com/,USD,midpoint,147227,81224,114225.50,1142255.00,toman,2025-03-01T11:02:16+00:00,stale,71,direct,True,"صرافی تومان - صرافی ایرانی در استانبول ترکیه {""@context"":""https://schema.org"",""@graph"":[{""@type"":""WebPage"",""@id"":""https://tomanxe.com/"",""url"":""https://tomanxe.com/"",""name"":""صرافی تومان - صرافی ایرانی در استانبول ترکیه"",""isPartOf"":{""@id"":""ht..."
تبدیل درهم به تومان لحظه‌ای,rate_page,https://emeraldxe.com/,AED,midpoint,277730,323760,300745.00,300745.00,rial,2025-12-09T12:00:00Z,stale,70,direct,False,"یورو 277,730 9,820 پوند انگلیس 323,760 12,110 درهم امارات 67,130 2,480 لیر ترکیه 4,985 180 کرون دانمارک 37,150 1,310 فرانک سوئیس 293,720 9,750 دلار سنگاپور 191,000 7,020 رینگیت مالزی 59,810 2,080 دلار هنگ کنگ 31,130 1,140 درام ارمنستان 670 ..."
حواله درهم دبی امارات,rate_page,https://ir-europe.com/,USD,single_value,,,244600.00,2446000.00,toman,2026-09-28T05:53:00Z,fresh,68,direct,True,"صرافی حواله ارزی آنلاین ایران اروپا قیمت حواله یورو امروز 278,150 تومان قیمت حواله دلار آمریکا امروز 244,600 تومان قیمت حواله پوند انگلستان امروز 324,250 تومان"
حواله درهم دبی امارات,rate_page,https://ir-europe.com/,USD,single_value,,,244600.00,2446000.00,toman,2026-09-28T05:53:00Z,fresh,68,direct,True,"278,150 تومان قیمت حواله دلار آمریکا امروز 244,600 تومان قیمت حواله پوند انگلستان امروز 324,250 تومان قیمت حواله دلار کانادا امروز 172,600 تومان"
حواله درهم دبی امارات,rate_page,https://ir-europe.com/,USD,single_value,,,172600.00,1726000.00,toman,2026-09-28T05:53:00Z,fresh,68,direct,True,"278,150 تومان قیمت حواله دلار آمریکا امروز 244,600 تومان قیمت حواله پوند انگلستان امروز 324,250 تومان قیمت حواله دلار کانادا امروز 172,600 تومان"
حواله درهم دبی امارات,rate_page,https://ir-europe.com/,USD,single_value,,,72600.00,726000.00,toman,2026-09-28T05:53:00Z,fresh,68,direct,True,"278,150 تومان قیمت حواله دلار آمریکا امروز 244,600 تومان قیمت حواله پوند انگلستان امروز 324,250 تومان قیمت حواله دلار کانادا امروز 172,600 تومان"
حواله درهم دبی امارات,rate_page,https://ir-europe.com/,USD,single_value,,,172600.00,1726000.00,toman,2026-09-28T05:53:00Z,fresh,68,direct,True,"244,600 تومان قیمت حواله پوند انگلستان امروز 324,250 تومان قیمت حواله دلار کانادا امروز 172,600 تومان قیمت حواله یوان چین امروز 36,450 تومان"
حواله درهم دبی امارات,rate_page,https://ir-europe.com/,USD,single_value,,,172600.00,1726000.00,toman,2026-09-28T05:53:00Z,fresh,68,direct,True,"324,250 تومان قیمت حواله دلار کانادا امروز 172,600 تومان قیمت حواله یوان چین امروز 36,450 تومان صرافی حواله ارزی آنلاین ایران اروپا ارائه دهنده‌ی خدمات آنلاین ارزی از جمله ارسال حواله یورو به اروپا، ارسال حواله دلار آمریکا به آمریکا و سایر ..."
حواله درهم دبی امارات,rate_page,https://ir-europe.com/,USD,single_value,,,244600.00,2446000.00,toman,2026-09-28T05:53:00Z,fresh,68,direct,True,"معادل به تتر (USDT): قیمت حواله ارزی، حواله یورو و حواله دلار آمریکا حواله ارزی امروز در بازار آزاد 6 مهر 1405 (بروزرسانی ساعت 5:53) قیمت حواله دلار نرخ حواله USD (244,600 تومان) قیمت حواله یورو"
حواله درهم دبی امارات,rate_page,https://ir-europe.com/,USD,single_value,,,244600.00,2446000.00,toman,2026-09-28T05:53:00Z,fresh,68,direct,True,"قیمت حواله دلار نرخ حواله USD (244,600 تومان) قیمت حواله یورو نرخ حواله EUR (278,150 تومان) قیمت حواله دلار کانادا"
حواله درهم دبی امارات,rate_page,https://ir-europe.com/aed-to-uae,USD,single_value,,,66600.00,666000.00,toman,2026-09-23T15:39:32+00:00,fresh,68,direct,True,"حواله درهم امارات، قیمت حواله درهم قیمت حواله دلار آمریکا امروز 66,600 تومان صرافی حواله ارزی آنلاین ایران اروپا برای حواله درهم همیشه ارسال حواله به امارات یکی از نیازهای اصلی ایرانیان در حوزه تجارت، مهاجرت و حمایت مالی از عزیزان است. با خ..."
حواله درهم دبی امارات,website,https://ir-europe.com/%D8%AF%D8%B1%D9%87%D9%85-%D8%AD%D9%88%D8%A7%D9%84%D9%87-%D8%A8%D9%87-%D8%A7%D9%85%D8%A7%D8%B1%D8%A7%D8%AA,USD,single_value,,,66600.00,666000.00,toman,2026-09-23T15:39:32+00:00,fresh,68,direct,True,"حواله درهم امارات، قیمت حواله درهم قیمت حواله دلار آمریکا امروز 66,600 تومان صرافی حواله ارزی آنلاین ایران اروپا برای حواله درهم همیشه ارسال حواله به امارات یکی از نیازهای اصلی ایرانیان در حوزه تجارت، مهاجرت و حمایت مالی از عزیزان است. با خ..."
صرافی ایرانی در دبی، نرخ لحظه ای درهم طلا و نقره، های امارات,rate_page,https://hiemarat.com/cryptocurrency,USD,single_value,,,242950.00,2429500.00,toman,۱۴۰۳-۰۲-۰۶\۰۷:۱۰:۵۸,stale,68,direct,False,"نرخ ارزهای دیجیتال قیمت لحظه‌ای رمزارزها به تومان USDT تتر USDT 242,950 تومان ↑ +2.72% Price trend for تتر"
صرافی ایرانی در دبی، نرخ لحظه ای درهم طلا و نقره، های امارات,rate_page,https://hiemarat.com/cryptocurrency,USD,single_value,,,242950.00,2429500.00,toman,۱۴۰۳-۰۲-۰۶\۰۷:۱۰:۵۸,stale,68,direct,False,"قیمت لحظه‌ای رمزارزها به تومان USDT 242,950 تومان ↑ +2.72% BTC 20,263,552,570 تومان ↑ +0.89%"
صرافی ایرانی در دبی، نرخ لحظه ای درهم طلا و نقره، های امارات,rate_page,https://hiemarat.com/fiat-currency,USD,buy,63000,,,2438000.00,toman,۱۴۰۳-۰۲-۰۶\۲۲:۲۰:۰۳,stale,64,direct,False,"↑ +2.80% خرید درهم در دبی 63,000 تومان ↑ +2.94% USD 243,800 تومان ↑ +3.53%"
صرافی ایرانی در دبی، نرخ لحظه ای درهم طلا و نقره، های امارات,rate_page,https://hiemarat.com/fiat-currency,USD,inferred,,,,2605400.00,toman,۱۴۰۳-۰۲-۰۶\۲۲:۲۰:۰۳,stale,55,direct,False,"↑ +2.94% USD 243,800 تومان ↑ +3.53% EUR یورو 277,280 تومان"
صرافی ایرانی در دبی، نرخ لحظه ای درهم طلا و نقره، های امارات,rate_page,https://hiemarat.com/fiat-currency,USD,inferred,,,,2438000.00,toman,۱۴۰۳-۰۲-۰۶\۲۲:۲۰:۰۳,stale,50,direct,False,"USD دلار آمریکا USD 243,800 تومان ↑ +3.53% Price trend for دلار آمریکا"
