business_name,website,instagram,telegram,whatsapp_link,city_or_district,country,source_type_guess,rate_page_detected,rate_post_detected,iran_transfer_hint,usd_irr_quote_detected,aed_irr_quote_detected,quote_post_count,parseability_score,last_seen,candidate_score,discovery_origins,status_guess
انتقال پول از دبی امارات به ایران با کمترین کارمزد در 1404 - سهل پرداخت,https://sahlpardakht.com/%D8%B1%D9%88%D8%B4-%D8%A7%D9%86%D8%AA%D9%82%D8%A7%D9%84-%D9%88%D8%A7%D8%B1%DB%8C%D8%B2-%D9%BE%D9%88%D9%84-%D8%AD%D9%88%D8%A7%D9%84%D9%87-%D8%A7%D8%B1%D8%B2%DB%8C-%D8%AF%D8%B1%D9%87%D9%85-%D8%AF%D9%84,https://www.instagram.com/sahl.pardakht/,,,Dubai,UAE,exchange_shop,True,True,True,True,True,6,88,2026-05-14T02:57:49+02:00,100,arabic|business|districts|english|persian,ok
"های امارت| صرافی ایرانی در دبی, نرخ لحظه ای درهم، طلا و نقره",https://hiemarat.com/,https://www.instagram.com/hi.emarat/,https://t.me/s/hiemarat,,Dubai,UAE,exchange_shop,True,True,True,True,True,3,80,۱۴۰۳-۰۱-۳۰\۱۴:۰۶:۴۲,100,manual|persian,ok
Iranian Investors Dubai Property 2026: Banking & Visa,https://realestateclubdubai.com/blog/investment/iranian-investors-dubai-property-2026-banking-transfers-golden-visa,,https://t.me/s/realestateclubdubai,https://wa.me/?text=Iranian+Investors+and+Dubai+Property+in+2026%3A+Banking%2C+Transfers%2C+Golden+Visa+Realities+https%3A%2F%2Frealestateclubdubai.com%2Fblog%2Finvestment%2Firanian-investors-dubai-property-2026-banking-transfers-golden-visa,Dubai,UAE,exchange_shop,True,True,True,True,True,3,78,2026-05-31T04:03:42+00:00,100,business,ok
قیمت حواله درهم امارات (دبی),https://javadix.com/aed,https://www.instagram.com/javadix.ex/,https://t.me/s/sarafijavadix,https://wa.me/905545709090,Dubai,UAE,exchange_shop,True,True,True,True,True,2,76,2025-12-02T12:54:45+00:00,100,aed_settlement|business|districts|manual|persian,ok
Iranianuae,https://iranianuae.ae/gold-forex,https://www.instagram.com/iranianuae.official/,https://t.me/s/iranian_uae,,Dubai,UAE,exchange_shop,True,True,True,True,True,2,72,,100,manual,ok
تبدیل درهم امارات به دلار آمریکا,https://arzdigital.com/convert/united-arab-emirates-dirham/united-states-dollar,https://www.instagram.com/arzdigital/,https://t.me/s/arzdigitalcom_bot,,Dubai,UAE,exchange_shop,True,True,True,True,True,2,72,2025-04-16T13:52:55+00:00,100,persian,ok
بهترین روش تبدیل پول در سفر به دبی,https://zhinotours.com/weblog/travel-guide/currency-exchange-in-dubai,https://www.instagram.com/zhino_pars/,https://t.me/s/zhinopars,https://api.whatsapp.com/send?phone=09220932836&text=%20سلام.%20وقت%20بخیر!%20من%20از%20طریق%20سایت%20ژینوپارس%20با%20شما%20ارتباط%20میگیرم!%20,Dubai,UAE,exchange_shop,True,True,True,True,True,1,68,2025-04-27T10:20:04+00:00,100,districts,ok
حواله درهم به امارات با امنیت بالا و هزینه پایین,https://mysaraf.com/uae-dirham-remittance,,https://t.me/s/mysaraf_support1,https://wa.me/989120085650?text=,Dubai,UAE,exchange_shop,True,True,True,False,True,4,68,2025-04-21T09:22:50+00:00,100,manual,ok
سقف انتقال پول به ایران از خارج + بررسی کارمزد صرافی‌ها,https://hamipardakht.com/money-transfer-to-iran-limit-and-exchange-fees,https://www.instagram.com/hamipardakht/,https://t.me/s/hamitether,https://api.whatsapp.com/send/?phone=989303506541&text=%D8%A8%D8%A7+%D8%B3%D9%84%D8%A7%D9%85+%D8%A8%D8%A7%D8%A8%D8%AA+%D8%AF%D8%B1%DB%8C%D8%A7%D9%81%D8%AA+%D9%85%D8%B4%D8%A7%D9%88%D8%B1%D9%87+%D9%88+%D9%BE%D8%B4%D8%AA%DB%8C%D8%A8%D8%A7%D9%86%DB%8C+%D9%BE%DB%8C%D8%A7%D9%85+%D9%85%DB%8C%D8%AF%D9%85&type=phone_number&app_absent=0,Dubai,UAE,exchange_shop,True,True,True,True,False,2,64,2025-09-05T16:59:31+03:30,100,districts,ok
صرافی دبی,https://sarafyhafez.com/dubai-exchange,https://www.instagram.com/sarafy_hafez/,https://t.me/s/sarafy_hafez,https://wa.me/989126180963,Dubai,UAE,exchange_shop,True,True,True,True,False,2,64,2026-05-28T06:52:40+00:00,100,aed_settlement|districts|persian,ok
قیمت درهم امارات امروز,https://ezdex.net/fiat/price/AED/fa,https://www.instagram.com/ezdex_fa/,,,Dubai,UAE,exchange_shop,True,True,True,True,True,2,64,,100,manual,ok
حواله به امارات، حواله درهم امارات، حواله دلار دبی,https://ir-europe.com/%D8%AF%D8%B1%D9%87%D9%85-%D8%AD%D9%88%D8%A7%D9%84%D9%87-%D8%A8%D9%87-%D8%A7%D9%85%D8%A7%D8%B1%D8%A7%D8%AA,,https://t.me/s/irxeurope,https://wa.me/+16016914188,Dubai,UAE,exchange_shop,True,True,True,True,True,1,62,2026-03-28T18:33:05+04:30,100,manual,ok
ارسال پول به ایران - صرافی جعفری,https://sarafijafari.com/articles/money-transfer-to-iran,https://www.instagram.com/sarafijafari/,https://t.me/s/sarafijafari,https://wa.me/989122524134,Dubai,UAE,exchange_shop,True,True,True,True,False,1,56,1403-10-11\08:10:18,100,districts,ok
حواله درهم دبی امارات,https://rialxe.com/money-transfer-to-uae-dubai,https://www.instagram.com/heyvaalaw/,https://t.me/s/heyvalaw,https://wa.me/905466534707,Dubai,UAE,exchange_shop,True,True,True,True,True,1,54,2024-11-25T10:56:07+00:00,100,aed_settlement|manual|persian,ok
7 روش ارسال پول به ایران,https://mihanpardakht.net/how-to-send-money-to-iran,https://www.instagram.com/mihanpardakht/,https://t.me/s/mihanpardakht,,Al Ras,UAE,exchange_shop,True,True,True,True,False,1,52,۱۴۰۳/۹/۴ ،۰۹:۳۸:۰۳ +۰۰:۰۰,100,districts,ok
حواله به ایران,https://emeraldxe.com/service/%D8%A7%D9%86%D8%AA%D9%82%D8%A7%D9%84-%D9%BE%D9%88%D9%84-%D8%A8%D9%87-%D8%A7%DB%8C%D8%B1%D8%A7%D9%86,,https://t.me/s/sarafi_emerald24,https://api.whatsapp.com/send?phone=989126605002,Al Ras,UAE,exchange_shop,False,True,True,True,True,1,50,2025-12-10 05:49:17,100,districts,ok
UAE Restricting Money Transfer To And From Iran – Report,https://iranintl.com/en/202302164463,https://www.instagram.com/iranintlenglish/,,,Dubai,UAE,exchange_shop,True,True,True,False,True,2,46,2023-02-16T14:19:10.183Z,100,business,ok
ارسال حواله به دبی,https://sarafibahmani.com/blog/%D8%A7%D8%B1%D8%B3%D8%A7%D9%84-%D8%AD%D9%88%D8%A7%D9%84%D9%87-%D8%A8%D9%87-%D8%AF%D8%A8%DB%8C,https://www.instagram.com/sarafibahmani/,https://t.me/s/sarafibahmani,,Dubai,UAE,exchange_shop,True,True,True,False,True,1,46,2024-12-31T16:58:15+00:00,100,persian,ok
حواله درهم با بهترین نرخ و تحویل نقدی در دبی! پرداخت 1 ساعته,https://fnxshipping.co/aed-transfer,https://www.instagram.com/fnxshipping/,,,Dubai,UAE,remittance_exchange,True,True,True,False,True,2,46,2026-03-10T07:16:46+03:30,100,persian,ok
How to move an Iranian business to Dubai?,https://kwsme.com/blog/iranian-business-to-dubai,https://www.instagram.com/kwsmiddleeastofficial/,,"https://wa.me/971509664705?text=Hi,%20I%20would%20like%20to%20%20know%20the%20business%20setup%20process%20in%20the%20UAE.%20Source%20Organic!",Dubai,UAE,remittance_exchange,True,True,True,False,True,1,42,2026-03-02T15:00:00+05:00,100,business,ok
صرافی ایرانی در دبی – درهم، تتر، ارز دیجیتال – مهر 1404 – اقامت آسان با شاتو,https://shato.org/%D8%B5%D8%B1%D8%A7%D9%81%DB%8C-%D8%A7%DB%8C%D8%B1%D8%A7%D9%86%DB%8C-%D8%AF%D8%A8%DB%8C,https://www.instagram.com/shato_org/,,https://wa.me/905528944782?text=سلام+وقت+بخیر.+می+خواستم+در+مورد+بلیط+کنسرت+ها+بیشتر+بدونم!,Dubai,UAE,exchange_shop,True,True,True,False,True,1,42,,100,arabic|persian,ok
بهترین صرافی ایرانی در دبی؛ تبدیل ارز با نرخ واقعی و خدمات مطمئن,https://sarafexchange.com/%D8%A8%D9%87%D8%AA%D8%B1%DB%8C%D9%86-%D8%B5%D8%B1%D8%A7%D9%81%DB%8C-%D8%A7%DB%8C%D8%B1%D8%A7%D9%86%DB%8C-%D8%AF%D8%B1-%D8%A7%D9%85%D8%A7%D8%B1%D8%A7%D8%AA-%D9%88-%D8%AF%D8%A8%DB%8C-saraf-exchange,https://www.instagram.com/saraf_exchange/,https://t.me/s/saraf_ex,https://wa.me/+447920594907,Dubai,UAE,exchange_shop,True,True,True,False,False,1,38,2025-04-19T14:14:11+00:00,100,business|persian,ok
صرافی ایرانی در دبی با کمترین کارمزد - اکس امیرتس,https://exemirates.ae/%D8%B5%D8%B1%D8%A7%D9%81%DB%8C-%D8%A7%DB%8C%D8%B1%D8%A7%D9%86%DB%8C-%D8%AF%D8%B1-%D8%AF%D8%A8%DB%8C,https://www.instagram.com/exemirates.ae/,https://t.me/s/exemirates,https://wa.me/exemirates,Dubai,UAE,exchange_shop,True,True,True,False,False,1,38,2025-08-09T11:52:18+00:00,100,persian,ok
"AL AHALIA EXCHANGE – Best Rate , Best Service",https://ahaliaexchange.com/,https://www.instagram.com/ahalia_exchange/,,,Dubai,UAE,exchange_shop,True,True,False,False,False,4,50,2026-05-12T09:40:47+00:00,96,english,ok
send money to Iran,https://iranicard.ir/en/sendmoney,https://www.instagram.com/iranicardcom/,https://t.me/s/irani_card,,Dubai,UAE,remittance_exchange,True,True,True,False,False,1,34,,96,english,ok
انتقال پول از دبی به ایران,https://farakonesh.org/currency-remittance/transfer-money-iran/dubai,https://www.instagram.com/farakonesh_org/,https://t.me/s/farakonessh,,Dubai,UAE,exchange_shop,True,True,True,False,False,1,34,2025-11-12T07:30:47+00:00,96,business|districts|english|persian,ok
AED to Iranian Rial Exchange Rate Today,https://valuta.exchange/aed-to-irr,,,,Dubai,UAE,exchange_shop,True,True,True,False,True,2,40,,94,business,ok
Business Setup Service for Iran Nationality in the UAE,https://startanybusiness.ae/blog/business-setup-iran-nationality,https://www.instagram.com/startanybusiness.ae/,,"https://api.whatsapp.com/send?phone=971503600923&text=Hi,%20Start%20Any%20Business%20Team.%20I%20have%20a%20query",Dubai,UAE,remittance_exchange,True,True,True,False,False,1,30,2026-03-18T18:46:21+05:30,94,business,ok
Home - Daryabi Exchange,https://daryabiexchange.com/,https://www.instagram.com/daryabi.xe/,,http://wa.me/61458706306,Dubai,UAE,exchange_shop,True,True,True,False,False,1,30,2025-09-30T06:11:09+00:00,94,districts|persian,ok
Easy Online Money Transfer from the UAE - Al Ansari Exchange,https://alansariexchange.com/,https://www.instagram.com/alansariexchange/,,,Dubai,UAE,exchange_shop,True,True,False,False,True,1,38,2026-03-05T08:34:21+00:00,90,arabic|business|districts|english|persian,ok
How the Iran War Is Threatening Dubai's Business Model,https://europeanbusinessmagazine.com/how-the-iran-war-is-threatening-dubais-business-model-and-what-it-means-for-the-gulfs-most-ambitious-economy,,,https://api.whatsapp.com/send?text=How+the+Iran+War+Is+Threatening+Dubai%E2%80%99s+Business+Model,Dubai,UAE,remittance_exchange,True,True,True,False,False,2,32,2026-05-29T09:11:23+00:00,88,business,ok
تحويل الأموال وتبديل العملات من إيران إلى دبي – We Know Dubai,https://weknowdubai.co.uk/ar/%D8%AA%D8%AD%D9%88%D9%8A%D9%84-%D8%A7%D9%84%D8%A3%D9%85%D9%88%D8%A7%D9%84-%D9%88%D8%AA%D8%A8%D8%AF%D9%8A%D9%84-%D8%A7%D9%84%D8%B9%D9%85%D9%84%D8%A7%D8%AA-%D9%85%D9%86-%D8%A5%D9%8A%D8%B1%D8%A7%D9%86,,https://t.me/s/5wetjitlskcxzgvi,https://api.whatsapp.com/send?phone=00989001807781,Dubai,UAE,exchange_shop,True,True,False,False,False,1,32,,84,arabic,ok
Deniba,https://denibaexchange.com/ar,https://www.instagram.com/denibainternationalexchange/,,https://wa.me/+971,Dubai,UAE,exchange_shop,True,True,False,False,False,1,30,,84,arabic|districts,ok
Easy Online Money Exchange in UAE,https://hadiexchange.ae/,https://www.instagram.com/hadiexchange/,,https://wa.me/971527923333,Dubai,UAE,exchange_shop,True,True,False,False,False,1,30,2026-04-18T05:27:39+00:00,84,business,ok
Index Exchange,https://indexexchange.ae/,https://www.instagram.com/indexexchangeuae/,,https://api.whatsapp.com/send?phone=971545847430,Dubai,UAE,exchange_shop,True,True,False,False,False,1,30,,84,districts|english,ok
Which Dubai exchange offices Accept Iranian Rial (IRR)?,https://sayamag.com/dubai-exchanges,,,https://wa.me/send?text=https://sayamag.com/?p=5305,Dubai,UAE,exchange_shop,True,True,True,False,False,1,24,دسامبر 27 2025 11:25,80,business|english,ok
Al Razouki International Exchange,https://alrazoukiexchange.com/,https://www.instagram.com/accounts/,,,Dubai,UAE,exchange_shop,True,True,False,False,False,1,26,,72,business|districts|english,ok
Dinar Exchange,https://dinarexchange.ae/,https://www.instagram.com/dinarexchange_2000/,,,Dubai,UAE,exchange_shop,True,True,False,False,False,1,26,,72,business|districts|english,ok
"Foreign Exchange, Remittances, Money Transfer, Bill Payment, WPS",https://alfuadexchange.com/,https://www.instagram.com/alfuadexchangeuae/,,,Dubai,UAE,exchange_shop,False,True,False,False,True,1,26,,68,arabic,ok
5 Best Ways to Send Money to Iran from UAE,https://en.sarafi-havale.com/5-best-ways-to-send-money-to-iran-from-uae-fast-secure,,,,Dubai,UAE,exchange_shop,True,True,True,False,False,1,20,2026-02-09T14:35:35+00:00,68,business|english,ok
Al Bader Exchange – Excellent currency exchange services in UAE,https://albaderexchange.ae/ar,,,,Al Ras,UAE,exchange_shop,True,True,False,False,False,1,20,,58,arabic,ok
Home,https://alghurairexchange.com/,https://www.instagram.com/alghurairexchange/,,,Dubai,UAE,exchange_shop,True,False,False,False,False,0,18,,56,districts,ok
الرئيسية,https://darexchange.com/ar,https://www.instagram.com/darexchange.ae/,,,Dubai,UAE,exchange_shop,True,False,False,False,False,0,18,,56,arabic,ok
چنج پول در دبی 2026,https://dxboffplan.com/fa/currency-exchange-in-dubai,https://www.instagram.com/dxboffplan/,,https://wa.me/971500000000?text=Hi%2C%20I%27m%20interested%20in%20Dubai%20off-plan%20properties,Dubai,UAE,exchange_shop,False,False,True,False,False,0,10,2026-02-19T11:14:38.892716Z,56,districts|persian,ok
Home - Mesrkanloo International Exchange,https://mesrkanlooexchange.com/,https://www.instagram.com/mesrkanlooexchange/,,,Dubai,UAE,exchange_shop,False,False,False,False,False,0,6,2025-12-03T13:08:20+00:00,34,districts,ok
Money Exchanges in Karama,https://yellowpages-uae.com/uae/karama/money-changers-and-exchange-dealers,https://www.instagram.com/yellowpagesuae/,,,Karama,UAE,exchange_shop,False,False,False,False,False,0,6,,34,districts,ok
Remittances Dubai,https://neardubai.com/financial-services/remittances.php,https://www.instagram.com/dubai_ae_org/,,,Dubai,UAE,exchange_shop,False,False,False,False,False,0,6,,34,business,ok
